Index	EXG0	EXG1	EXG2	EXG3	Accel_X	Accel_Y	Accel_Z	Timestamp	Marker
0	-910.2617	-1338.9440	-1494.2845	-702.0241	0	0	0	1784008753493	0
1	-929.1707	-1380.5916	-1541.1978	-717.3427	0	0	0	1784008753533	0
2	-946.6435	-1395.4315	-1558.4313	-744.6290	0	0	0	1784008753569	0
3	-923.9049	-1362.1614	-1515.5870	-764.4954	0	0	0	1784008753686	0
4	-941.1384	-1361.4432	-1523.7250	-784.3618	0	0	0	1784008753766	0
5	-970.1002	-1395.4315	-1559.3887	-829.3602	0	0	0	1784008753847	0
6	-1002.8916	-1410.9895	-1577.3402	-853.2956	0	0	0	1784008753875	0
7	-1162.7798	-1764.7540	-1891.3721	-661.8127	0	0	0	1784008753920	0
8	-1178.8164	-1787.2533	-1917.4617	-676.4133	0	0	0	1784008753966	0
9	-1183.8429	-1799.6997	-1920.8126	-688.8597	0	0	0	1784008754087	0
10	-1148.1792	-1754.7012	-1877.7290	-664.6849	0	0	0	1784008754141	0
11	-1146.2644	-1770.9773	-1903.3398	-654.1534	0	0	0	1784008754164	0
12	-1132.6212	-1663.7468	-1776.2430	-639.7922	0	0	0	1784008754204	0
13	-1155.5991	-1618.5090	-1712.5750	-639.3135	0	0	0	1784008754270	0
14	-1170.6785	-1705.1550	-1809.2738	-680.4823	0	0	0	1784008754286	0
15	-1175.2262	-1700.1285	-1828.4221	-661.8127	0	0	0	1784008754318	0
16	-1131.1850	-1730.0479	-1854.5117	-652.9566	0	0	0	1784008754404	0
17	-1061.7726	-1530.9056	-1674.7571	-588.3311	0	0	0	1784008754766	0
18	-1095.2821	-1714.2505	-1826.9860	-621.1226	0	0	0	1784008754850	0
19	-1549.0964	-1679.0654	-1799.4603	-1131.1850	0	0	0	1784008754933	0
20	-1567.7661	-1732.9200	-1860.7349	-1141.9560	0	0	0	1784008754970	0
21	-1489.0187	-1604.3872	-1745.3665	-1077.3306	0	0	0	1784008755087	0
22	-1486.8645	-1599.8395	-1743.9303	-1078.7666	0	0	0	1784008755258	0
23	-1502.1832	-1592.4194	-1753.2651	-1088.5802	0	0	0	1784008755294	0
24	-1479.6840	-1575.6647	-1733.1594	-1061.0544	0	0	0	1784008755331	0
25	-1476.3330	-1595.0524	-1745.3665	-1059.8578	0	0	0	1784008755496	0
26	-1502.1832	-1626.1683	-1777.9186	-1074.2190	0	0	0	1784008755530	0
27	-1489.0187	-1607.2594	-1756.3767	-1048.1294	0	0	0	1784008755709	0
28	-1485.9071	-1622.8174	-1767.3870	-1042.3849	0	0	0	1784008755768	0
29	-1495.2420	-1607.0200	-1742.7335	-1038.0765	0	0	0	1784008755802	0
30	-1492.6090	-1285.8075	-1482.0775	-1442.8235	0	0	0	1784008756017	0
31	-1550.7720	-1251.8193	-1428.4623	-1438.5151	0	0	0	1784008756493	0
32	-1548.6178	-1275.7546	-1454.5518	-1419.8456	0	0	0	1784008756622	0
33	-1559.1493	-1248.9470	-1438.7545	-1426.0687	0	0	0	1784008756884	0
34	-1572.3137	-1268.0953	-1455.5093	-1442.5841	0	0	0	1784008756904	0
35	-1155.3599	-1285.8075	-1472.7427	-1084.2719	0	0	0	1784008756949	0
36	-1161.1042	-1293.4668	-1464.3654	-1088.8195	0	0	0	1784008757052	0
37	-1149.3760	-1242.2451	-1422.4784	-1092.6492	0	0	0	1784008757403	0
38	-1136.4509	-1240.5697	-1419.8456	-1089.0588	0	0	0	1784008757435	0
39	-1168.5243	-1255.4097	-1438.2758	-1135.0148	0	0	0	1784008757522	0
40	-1147.4612	-1230.7562	-1409.0746	-1106.0530	0	0	0	1784008757541	0
41	-1166.3701	-1252.7767	-1427.5049	-1114.4303	0	0	0	1784008757637	0
42	-1174.9868	-1235.7826	-1412.6649	-1137.4083	0	0	0	1784008757655	0
43	-1150.8121	-1244.3993	-1420.8030	-1109.6433	0	0	0	1784008757873	0
44	-883.6935	-1512.4753	-1648.6676	-569.1829	0	0	0	1784008757993	0
45	-917.2030	-1563.9364	-1708.2666	-594.0756	0	0	0	1784008758032	0
46	-930.1281	-1587.3931	-1754.9406	-617.0536	0	0	0	1784008758111	0
47	-928.6920	-1499.3109	-1645.5560	-639.7922	0	0	0	1784008758559	0
48	-950.7125	-1536.1714	-1685.2887	-646.4941	0	0	0	1784008758630	0
49	-1243.2026	-1805.9229	-1943.0725	-876.7522	0	0	0	1784008758827	0
50	-1343.7311	-1901.4249	-2049.5850	-989.9665	0	0	0	1784008758863	0
51	-1288.2010	-1853.0756	-1987.1135	-930.1281	0	0	0	1784008758932	0
52	-1348.0394	-1650.1038	-1794.9126	-961.9621	0	0	0	1784008758994	0
53	-1278.3876	-1578.5370	-1731.4839	-844.9182	0	0	0	1784008759105	0
54	-1275.7546	-1573.9893	-1727.4149	-851.8594	0	0	0	1784008759292	0
55	-1300.8868	-1600.5575	-1751.1110	-866.2206	0	0	0	1784008759426	0
56	-1336.3112	-1665.9010	-1813.5822	-910.7404	0	0	0	1784008759552	0
57	-1288.6798	-1623.2961	-1760.2063	-865.7419	0	0	0	1784008759664	0
58	-1264.0264	-1586.1963	-1736.2710	-833.6686	0	0	0	1784008759730	0
59	-1231.2349	-1548.6178	-1701.5647	-800.1591	0	0	0	1784008759902	0
60	-1521.3314	-1355.4595	-1541.1978	-1329.3699	0	0	0	1784008759989	0
61	-1540.4797	-1399.7399	-1564.8938	-1343.7311	0	0	0	1784008760119	0
62	-1530.4269	-1369.1025	-1546.4636	-1324.1041	0	0	0	1784008760196	0
63	-1517.0231	-1368.3845	-1542.8733	-1311.8971	0	0	0	1784008760243	0
64	-1497.1567	-1348.0394	-1530.1875	-1296.8177	0	0	0	1784008760477	0
65	-1516.7837	-1374.3684	-1546.9423	-1312.1365	0	0	0	1784008760744	0
66	-1504.0980	-1380.1128	-1547.4210	-1289.3978	0	0	0	1784008760835	0
67	-1270.0101	-1258.7606	-1437.0790	-1209.4537	0	0	0	1784008761005	0
68	-1287.2437	-1247.7502	-1448.0892	-1240.5697	0	0	0	1784008761311	0
69	-1288.6798	-1253.4948	-1432.7706	-1234.1072	0	0	0	1784008761351	0
70	-1296.8177	-1246.3142	-1437.0790	-1242.7239	0	0	0	1784008761432	0
71	-1313.0939	-1268.3347	-1439.9513	-1258.0425	0	0	0	1784008761920	0
72	-1079.7241	-1489.0187	-1646.2740	-791.7817	0	0	0	1784008762122	0
73	-1074.4583	-1481.3594	-1616.8335	-781.9682	0	0	0	1784008762250	0
74	-1500.9865	-1439.2332	-1597.4459	-1242.0059	0	0	0	1784008762307	0
75	-1502.4225	-1423.9146	-1603.6691	-1248.7078	0	0	0	1784008762379	0
76	-1505.5342	-1427.2655	-1592.1802	-1231.7136	0	0	0	1784008762412	0
77	-1481.3594	-1423.6752	-1601.0363	-1227.8839	0	0	0	1784008762618	0
78	-1491.6516	-1452.8763	-1603.9084	-1224.5330	0	0	0	1784008762689	0
79	-1506.7308	-1463.6472	-1645.5560	-1223.5756	0	0	0	1784008762817	0
80	-1333.4388	-1296.0997	-1462.9292	-1273.6005	0	0	0	1784008762934	0
81	-1317.4022	-1235.3040	-1417.4520	-1272.8824	0	0	0	1784008763100	0
82	-1326.4977	-1244.3993	-1418.8882	-1287.9617	0	0	0	1784008763152	0
83	-1326.2583	-1243.2026	-1431.8132	-1320.0350	0	0	0	1784008763306	0
84	-1325.3009	-1238.4155	-1424.1539	-1332.4814	0	0	0	1784008763408	0
85	-1311.4183	-1228.3627	-1413.3829	-1406.6810	0	0	0	1784008763578	0
86	-1311.6577	-1236.0220	-1418.4094	-1343.2524	0	0	0	1784008763667	0
87	-1399.0217	-1275.7546	-1451.4402	-1544.3094	0	0	0	1784008763906	0
88	-1173.0720	-1451.9190	-1595.7704	-720.9330	0	0	0	1784008764155	0
89	-1068.4745	-1445.4564	-1592.1802	-781.9682	0	0	0	1784008764225	0
90	-1033.5288	-1431.0952	-1596.7279	-780.7714	0	0	0	1784008764269	0
91	-1056.0281	-1431.5739	-1590.9834	-831.5144	0	0	0	1784008764392	0
92	-1083.7931	-1418.8882	-1578.7764	-857.8433	0	0	0	1784008764472	0
93	-1082.8357	-1414.3405	-1570.6383	-863.8271	0	0	0	1784008764568	0
94	-1071.8254	-1396.1495	-1560.8248	-872.9226	0	0	0	1784008764660	0
95	-1044.0604	-1394.2347	-1565.8512	-829.8389	0	0	0	1784008764754	0
96	-1046.9326	-1404.2876	-1565.6119	-835.3441	0	0	0	1784008764782	0
97	-1039.5127	-1401.8940	-1559.1493	-852.8169	0	0	0	1784008764822	0
98	-1089.2982	-1648.9070	-1782.2269	-634.5264	0	0	0	1784008765197	0
99	-1088.1014	-1648.9070	-1781.0302	-626.3884	0	0	0	1784008765253	0
100	-1078.5273	-1620.4238	-1759.4883	-635.7231	0	0	0	1784008765672	0
101	-1097.9149	-1643.8805	-1790.6042	-651.5205	0	0	0	1784008765722	0
102	-1099.8298	-1650.8218	-1794.6732	-645.0579	0	0	0	1784008765874	0
103	-1097.4363	-1665.6617	-1795.6307	-646.9728	0	0	0	1784008765905	0
104	-1125.2013	-1385.1393	-1549.5752	-950.7125	0	0	0	1784008766135	0
105	-1112.2761	-1366.4697	-1533.5385	-936.1119	0	0	0	1784008766201	0
106	-1106.5317	-1355.4595	-1529.4695	-956.4570	0	0	0	1784008766285	0
107	-1129.2703	-1372.2142	-1544.0701	-975.3659	0	0	0	1784008766455	0
108	-1131.1850	-1359.0497	-1527.0759	-953.8241	0	0	0	1784008766522	0
109	-1132.3818	-1354.0233	-1522.2888	-954.0634	0	0	0	1784008766622	0
110	-1123.5258	-1355.6987	-1523.9644	-958.3718	0	0	0	1784008766684	0
111	-1022.7579	-1589.3079	-1740.3400	-624.4735	0	0	0	1784008767022	0
112	-1052.9165	-1615.1581	-1772.4133	-626.8671	0	0	0	1784008767449	0
113	-1048.6082	-1630.2373	-1766.9082	-614.4207	0	0	0	1784008767892	0
114	-1044.7784	-1617.5516	-1764.7540	-628.7819	0	0	0	1784008767937	0
115	-1409.7927	-1567.7661	-1717.8408	-1009.3541	0	0	0	1784008768031	0
116	-1393.5166	-1559.1493	-1716.6440	-999.5407	0	0	0	1784008768311	0
117	-1377.2406	-1564.4152	-1721.9098	-981.1104	0	0	0	1784008768572	0
118	-1380.1128	-1567.0480	-1721.6704	-977.9988	0	0	0	1784008768866	0
119	-1370.2993	-1552.9261	-1719.5162	-970.5789	0	0	0	1784008768967	0
120	-1514.6295	-1281.2598	-1482.5562	-1417.6914	0	0	0	1784008769060	0
121	-1513.1935	-1260.4360	-1456.4667	-1415.5372	0	0	0	1784008769271	0
122	-1502.6619	-1224.7723	-1417.2126	-1431.3345	0	0	0	1784008769302	0
123	-1504.5767	-1207.5390	-1383.7031	-1425.8293	0	0	0	1784008769398	0
124	-1512.9541	-1194.6138	-1364.5548	-1420.0848	0	0	0	1784008769445	0
125	-1517.9805	-1212.3259	-1397.1069	-1418.4094	0	0	0	1784008769472	0
126	-1528.9907	-1269.2921	-1459.5782	-1437.7971	0	0	0	1784008769872	0
127	-1527.7941	-1276.2334	-1467.4769	-1426.0687	0	0	0	1784008769954	0
128	-1185.0397	-1309.9822	-1481.8381	-1062.4906	0	0	0	1784008769987	0
129	-1190.3054	-1319.7958	-1501.2257	-1064.6448	0	0	0	1784008770117	0
130	-1182.4067	-1310.7003	-1494.5238	-1065.8416	0	0	0	1784008770232	0
131	-1200.5977	-1362.8794	-1551.2506	-1090.9738	0	0	0	1784008770391	0
132	-1201.0763	-1361.9220	-1541.4371	-1090.4950	0	0	0	1784008770459	0
133	-1202.0338	-1346.6034	-1518.4592	-1088.1014	0	0	0	1784008770472	0
134	-1198.4435	-1333.4388	-1506.0128	-1093.1279	0	0	0	1784008770584	0
135	-1522.5282	-1301.8442	-1481.8381	-1397.5857	0	0	0	1784008771033	0
136	-1504.5767	-1283.1747	-1468.6737	-1386.5754	0	0	0	1784008771093	0
137	-1517.5018	-1297.2965	-1478.7266	-1387.0541	0	0	0	1784008771169	0
138	-1516.3050	-1288.2010	-1469.6311	-1391.3624	0	0	0	1784008771210	0
139	-1514.8689	-1300.4081	-1483.7529	-1382.7457	0	0	0	1784008771364	0
140	-1513.9115	-1302.3229	-1484.2317	-1383.7031	0	0	0	1784008771483	0
141	-1514.6295	-1310.9397	-1484.4711	-1369.5813	0	0	0	1784008771638	0
142	-1246.7928	-1273.8398	-1445.4564	-1149.8547	0	0	0	1784008772039	0
143	-1248.2290	-1290.5946	-1466.9982	-1177.1410	0	0	0	1784008772530	0
144	-1257.5638	-1258.9999	-1452.3976	-1182.4067	0	0	0	1784008772691	0
145	-1255.6489	-1267.1380	-1446.4138	-1187.9119	0	0	0	1784008772778	0
146	-1245.5961	-1257.0851	-1433.2494	-1189.8268	0	0	0	1784008772849	0
147	-1061.0544	-1536.1714	-1689.1183	-724.2840	0	0	0	1784008773087	0
148	-1071.5860	-1510.3212	-1673.7997	-756.1180	0	0	0	1784008773528	0
149	-1074.2190	-1500.7471	-1663.9862	-764.7347	0	0	0	1784008773676	0
150	-1068.9531	-1525.8792	-1673.0817	-761.6232	0	0	0	1784008773697	0
151	-1079.0060	-1511.7573	-1666.3798	-768.0857	0	0	0	1784008773854	0
152	-1088.1014	-1530.1875	-1684.3313	-784.1224	0	0	0	1784008773946	0
153	-1213.0441	-1645.0773	-1784.1417	-759.7083	0	0	0	1784008774028	0
154	-1215.9163	-1659.6779	-1795.1520	-754.9213	0	0	0	1784008774092	0
155	-1222.8575	-1657.0449	-1796.3488	-758.9902	0	0	0	1784008774191	0
156	-1212.8047	-1651.7792	-1796.1094	-750.6128	0	0	0	1784008774214	0
157	-1214.9589	-1649.8644	-1804.9655	-753.7245	0	0	0	1784008774354	0
158	-1206.3422	-1646.7528	-1792.7584	-749.6555	0	0	0	1784008774497	0
159	-1205.1454	-1672.8423	-1821.7202	-734.8156	0	0	0	1784008774661	0
160	-1185.2790	-1680.9803	-1810.4706	-713.7524	0	0	0	1784008774824	0
161	-1178.3378	-1683.3739	-1815.4971	-712.7950	0	0	0	1784008774941	0
162	-1493.3271	-1444.7383	-1610.1316	-1208.9750	0	0	0	1784008775106	0
163	-1472.7427	-1447.3712	-1605.8232	-1189.1086	0	0	0	1784008775149	0
164	-1472.7427	-1449.0466	-1600.5575	-1202.2731	0	0	0	1784008775197	0
165	-1469.3917	-1444.0203	-1614.2007	-1183.8429	0	0	0	1784008775293	0
166	-1467.7163	-1456.9453	-1610.3710	-1184.5609	0	0	0	1784008775338	0
167	-1471.5459	-1469.3917	-1622.5780	-1179.5345	0	0	0	1784008775511	0
168	-1462.9292	-1471.5459	-1630.4767	-1161.8224	0	0	0	1784008775650	0
169	-1443.5415	-1450.7222	-1620.9026	-1149.3760	0	0	0	1784008775768	0
170	-1452.8763	-1484.9497	-1641.2476	-1132.3818	0	0	0	1784008775962	0
171	-1377.2406	-1172.8326	-1370.0599	-1385.1393	0	0	0	1784008776028	0
172	-1376.5226	-1164.2160	-1343.4917	-1396.3889	0	0	0	1784008776182	0
173	-1383.4637	-1160.3862	-1368.8633	-1394.9528	0	0	0	1784008776349	0
174	-1391.8412	-1175.9442	-1369.1025	-1416.7339	0	0	0	1784008776382	0
175	-1388.0115	-1107.0104	-1306.6313	-1402.1334	0	0	0	1784008776462	0
176	-1401.1759	-1148.6580	-1351.3904	-1417.6914	0	0	0	1784008776586	0
177	-1410.7501	-1152.0089	-1352.1085	-1428.2229	0	0	0	1784008776638	0
178	-1392.5592	-1146.2644	-1351.1510	-1415.7765	0	0	0	1784008776780	0
179	-1393.5166	-1166.8488	-1351.1510	-1412.6649	0	0	0	1784008776829	0
180	-1394.2347	-1148.8972	-1339.6621	-1428.7017	0	0	0	1784008776942	0
181	-1399.9792	-1160.1469	-1355.6987	-1424.8720	0	0	0	1784008776995	0
182	-1150.3334	-1378.9160	-1547.8997	-949.0370	0	0	0	1784008777160	0
183	-1140.5199	-1370.2993	-1533.2992	-950.4731	0	0	0	1784008777239	0
184	-1138.8444	-1378.1980	-1545.7455	-951.4305	0	0	0	1784008777287	0
185	-1126.6373	-1188.6300	-1394.4740	-938.9842	0	0	0	1784008777432	0
186	-1113.9517	-1189.1086	-1389.9264	-939.9416	0	0	0	1784008777475	0
187	-1141.2379	-1420.3242	-1588.8292	-992.5994	0	0	0	1784008777584	0
188	-1135.7328	-1403.0908	-1579.9731	-997.3864	0	0	0	1784008777703	0
189	-1146.2644	-1395.9102	-1545.0275	-996.4290	0	0	0	1784008777829	0
190	-1140.5199	-1375.5651	-1548.8572	-1000.0194	0	0	0	1784008777880	0
191	-1050.5230	-1626.1683	-1779.3546	-629.0212	0	0	0	1784008778116	0
192	-1044.5391	-1629.7587	-1768.1050	-617.0536	0	0	0	1784008778162	0
193	-1071.3467	-1660.6353	-1811.6674	-648.4089	0	0	0	1784008778233	0
194	-1056.9855	-1618.2697	-1759.0096	-656.7862	0	0	0	1784008778409	0
195	-1053.3951	-1630.2373	-1776.4824	-651.7598	0	0	0	1784008778433	0
196	-1051.7197	-1559.1493	-1697.2563	-631.4148	0	0	0	1784008778518	0
197	-1059.6184	-1612.0465	-1759.0096	-666.1210	0	0	0	1784008778649	0
198	-1054.3525	-1606.0626	-1751.8290	-665.1636	0	0	0	1784008778676	0
199	-1058.6610	-1601.7543	-1773.6101	-675.4559	0	0	0	1784008778778	0
200	-1048.1294	-1587.8717	-1752.3077	-665.8817	0	0	0	1784008778837	0
201	-1043.5817	-1568.4841	-1719.0375	-666.8391	0	0	0	1784008778957	0
202	-1333.6782	-1595.5311	-1748.9568	-913.3733	0	0	0	1784008779085	0
203	-1342.5343	-1618.2697	-1780.0728	-910.7404	0	0	0	1784008779123	0
204	-1234.8252	-1548.1390	-1691.2725	-713.9918	0	0	0	1784008779411	0
205	-678.8068	-1176.9016	-1325.3009	-572.7731	0	0	0	1784008779447	0
206	-1047.1720	-582.8260	-855.4498	-1862.1710	0	0	0	1784008779603	0
207	-1387.0541	-482.2975	-807.8184	-2435.9016	0	0	0	1784008779722	0
208	-1425.3507	-332.2228	-658.7011	-2677.1700	0	0	0	1784008779853	0
209	-1360.7252	-310.6810	-621.8406	-2497.1760	0	0	0	1784008779889	0
210	-1490.2155	-359.0304	-703.4602	-2612.7840	0	0	0	1784008779975	0
211	-1518.6986	-361.4239	-694.6041	-2662.5693	0	0	0	1784008780004	0
212	433.4694	-2251.1206	-2230.2969	1583.5634	0	0	0	1784008780057	0
213	480.1433	-2225.7490	-2205.6433	1689.5970	0	0	0	1784008780086	0
214	36.8605	-2659.6973	-2628.5813	1483.5135	0	0	0	1784008780199	0
215	-26.5682	-2678.8455	-2659.9365	1438.5151	0	0	0	1784008780244	0
216	-903.5598	-3241.0872	-3156.5952	1151.5302	0	0	0	1784008781133	0
217	-839.4131	-3119.4954	-3055.1094	1270.2495	0	0	0	1784008781248	0
218	-652.4779	-2708.5254	-2679.5635	1032.3320	0	0	0	1784008781385	0
219	-451.4209	-2485.6870	-2461.9912	1403.3302	0	0	0	1784008781462	0
220	-379.3755	-2611.3477	-2584.3008	1570.3989	0	0	0	1784008781494	0
221	-417.9114	-2727.1948	-2694.8820	1674.7571	0	0	0	1784008781540	0
222	-351.3711	-2746.3433	-2728.3916	1596.9672	0	0	0	1784008781568	0
223	-668.7540	-2494.3040	-2486.1658	846.1150	0	0	0	1784008781686	0
224	-855.2104	-2412.9236	-2442.3640	460.5163	0	0	0	1784008781820	0
225	-357.8336	-2736.2903	-2692.2493	1433.4886	0	0	0	1784008781971	0
226	-2067.5364	-1158.2320	-1416.7339	-2515.3670	0	0	0	1784008782112	0
227	-1344.2098	-1214.4801	-1407.8778	-1472.0247	0	0	0	1784008782449	0
228	-1288.4404	-1253.2555	-1432.5312	-1393.5166	0	0	0	1784008782512	0
229	-1371.4961	-1234.8252	-1415.2979	-1448.3286	0	0	0	1784008782562	0
230	-1330.5667	-1190.5448	-1379.8735	-1413.6223	0	0	0	1784008782672	0
231	-1394.4740	-1346.3640	-1526.5973	-1445.9350	0	0	0	1784008782975	0
232	-1113.2335	-1258.9999	-1430.1377	-1025.1515	0	0	0	1784008783063	0
233	-1047.6506	-1199.8796	-1363.3580	-955.7389	0	0	0	1784008783100	0
234	-1112.7549	-1252.0587	-1434.9248	-1030.1779	0	0	0	1784008783216	0
235	-1116.1058	-1261.3934	-1443.7809	-1043.1030	0	0	0	1784008783320	0
236	-1110.3613	-1257.5638	-1433.7280	-1038.5553	0	0	0	1784008783461	0
237	-1089.7770	-1228.6020	-1410.7501	-1014.6199	0	0	0	1784008783498	0
238	-1117.5420	-1236.2614	-1432.0526	-1065.3629	0	0	0	1784008783754	0
239	-1122.5684	-1243.6813	-1420.5636	-1060.3364	0	0	0	1784008783792	0
240	-1117.5420	-1240.8091	-1415.5372	-1096.4789	0	0	0	1784008783943	0
241	-1176.1836	-1238.4155	-1424.6326	-1185.5183	0	0	0	1784008784042	0
242	-1104.8562	-1647.9495	-1758.2915	-500.2490	0	0	0	1784008784075	0
243	-1042.8636	-1598.8821	-1719.5162	-420.7836	0	0	0	1784008784190	0
244	-942.5745	-1581.1699	-1683.8525	-309.7235	0	0	0	1784008784312	0
245	-924.1442	-1575.4254	-1694.8628	-311.1597	0	0	0	1784008784341	0
246	-927.9739	-1587.1537	-1698.2137	-298.4739	0	0	0	1784008784395	0
247	-888.2412	-1447.8499	-1545.5062	-262.5709	0	0	0	1784008784520	0
248	-928.2133	-1518.6986	-1636.9392	-309.0055	0	0	0	1784008784685	0
249	-727.1562	-1450.9615	-1568.4841	-118.4800	0	0	0	1784008784729	0
250	-679.7642	-1485.4285	-1598.1640	-69.8912	0	0	0	1784008784847	0
251	-517.9612	-1343.4917	-1472.0247	-23.9354	0	0	0	1784008784929	0
252	-451.4209	-1336.3112	-1444.9777	26.5682	0	0	0	1784008784991	0
253	-327.4357	-2254.2322	-2221.9194	1267.6167	0	0	0	1784008785099	0
254	-305.4152	-2214.2600	-2194.3938	1282.2172	0	0	0	1784008785249	0
255	-1477.2904	-1630.2373	-1748.2386	-1161.3436	0	0	0	1784008785332	0
256	-949.5158	-2000.5173	-2050.7817	13.1644	0	0	0	1784008785565	0
257	-740.0813	-2070.1692	-2090.2750	383.6838	0	0	0	1784008785629	0
258	-619.4471	-2072.5627	-2087.6420	581.3899	0	0	0	1784008785665	0
259	-729.0710	-2004.3470	-2028.0430	372.4342	0	0	0	1784008785685	0
260	-762.3412	-2022.0592	-2051.2603	357.1156	0	0	0	1784008785713	0
261	-926.7771	-1991.1826	-2042.1649	93.1085	0	0	0	1784008785761	0
262	-331.0260	-2211.1484	-2197.7446	1170.4391	0	0	0	1784008785797	0
263	-1474.8969	-1591.9408	-1721.1918	-1104.6168	0	0	0	1784008785879	0
264	-977.5201	-1662.0714	-1728.3723	-49.5462	0	0	0	1784008786003	0
265	-256.3477	-2099.3704	-2103.4395	1213.0441	0	0	0	1784008786115	0
266	-322.6486	-2125.4600	-2124.9812	1135.9722	0	0	0	1784008786140	0
267	-803.0313	-1991.4219	-2063.2280	254.6722	0	0	0	1784008786170	0
268	-210.3918	-2162.3203	-2158.4907	1324.5828	0	0	0	1784008786212	0
269	-1788.2107	-1737.9464	-1917.7010	-1431.0952	0	0	0	1784008786263	0
270	-1662.7894	-1837.9962	-1962.6995	-1177.6198	0	0	0	1784008786376	0
271	-1609.1742	-1843.9801	-1967.2472	-1125.9193	0	0	0	1784008786393	0
272	-1610.3710	-1860.7349	-1991.4219	-1080.9209	0	0	0	1784008786448	0
273	-1622.8174	-1877.4896	-2001.4747	-1072.3041	0	0	0	1784008786479	0
274	-1539.7617	-1885.3883	-2025.1708	-969.3821	0	0	0	1784008786601	0
275	-1448.0892	-1793.2372	-1932.5409	-878.9064	0	0	0	1784008786696	0
276	-1445.9350	-1800.1783	-1939.9609	-888.9593	0	0	0	1784008786727	0
277	-1432.2919	-1805.2048	-1952.8860	-858.8007	0	0	0	1784008786803	0
278	-1420.0848	-1798.9817	-1933.7377	-851.8594	0	0	0	1784008786872	0
279	-2165.1926	-1016.2953	-1306.8706	-2796.1287	0	0	0	1784008787114	0
280	-2211.8667	-1005.0458	-1289.3978	-2860.2754	0	0	0	1784008787212	0
281	-2177.8784	-1018.6889	-1292.5094	-2790.8630	0	0	0	1784008787240	0
282	-2139.5818	-1026.5875	-1303.7590	-2735.8115	0	0	0	1784008787286	0
283	-2092.6685	-1026.3483	-1316.9235	-2656.5857	0	0	0	1784008787360	0
284	-2110.8594	-1042.1455	-1343.2524	-2676.6912	0	0	0	1784008787682	0
285	-2103.2000	-1070.6287	-1361.9220	-2637.9160	0	0	0	1784008787833	0
286	-2078.5466	-1098.8723	-1382.7457	-2573.7693	0	0	0	1784008788070	0
287	-1408.3566	-939.2235	-1180.4920	-1787.4927	0	0	0	1784008788223	0
288	-1431.8132	-920.0753	-1167.8062	-1827.7041	0	0	0	1784008788240	0
289	-1432.7706	-932.0429	-1190.5448	-1821.2416	0	0	0	1784008788283	0
290	-1401.8940	-844.2001	-1112.7549	-1832.2518	0	0	0	1784008788355	0
291	-1414.3405	-872.9226	-1129.9883	-1840.6292	0	0	0	1784008788402	0
292	-1436.3610	-876.5129	-1123.5258	-1909.8024	0	0	0	1784008788529	0
293	-1487.5826	-868.8536	-1148.4186	-1960.5453	0	0	0	1784008788653	0
294	-1496.4387	-784.6011	-1031.6140	-1965.3324	0	0	0	1784008788730	0
295	-492.5897	-1626.4077	-1700.8467	350.4137	0	0	0	1784008789186	0
296	-380.5722	-1617.7910	-1705.6338	521.0728	0	0	0	1784008789215	0
297	-323.1273	-1585.7175	-1617.0729	656.0682	0	0	0	1784008789288	0
298	-171.3772	-1668.0552	-1691.2725	754.6819	0	0	0	1784008789366	0
299	-37.0998	-1600.7969	-1664.9436	811.1693	0	0	0	1784008789619	0
300	-113.2143	-1447.6106	-1527.0759	598.3840	0	0	0	1784008789732	0
301	-67.4977	-1572.0745	-1639.3328	702.2634	0	0	0	1784008789941	0
302	553.6249	-2821.9790	-2717.6208	2802.5913	0	0	0	1784008790223	0
303	324.3241	-2864.1052	-2762.8586	2600.5770	0	0	0	1784008790253	0
304	107.4698	-2770.5178	-2696.3184	2155.8580	0	0	0	1784008790300	0
305	-238.1568	-2678.3667	-2639.3520	1535.4534	0	0	0	1784008790349	0
306	-598.8627	-2607.2788	-2602.9705	933.4790	0	0	0	1784008790384	0
307	-768.5644	-2480.1820	-2504.1174	584.2622	0	0	0	1784008790467	0
308	-758.5115	-2600.0981	-2623.7942	602.9317	0	0	0	1784008790500	0
309	-814.9990	-2607.9968	-2636.0012	529.4501	0	0	0	1784008790551	0
310	-855.9285	-2459.8370	-2484.2510	401.3960	0	0	0	1784008790613	0
311	-1000.7374	-2544.5680	-2575.4448	308.7661	0	0	0	1784008790822	0
312	-946.4041	-2264.7637	-2326.2776	369.0833	0	0	0	1784008790975	0
313	-1770.7379	-1792.0404	-1963.8962	-1659.1991	0	0	0	1784008791421	0
314	-1764.0360	-1605.8232	-1791.3223	-1536.1714	0	0	0	1784008791466	0
315	-1230.9956	-1244.3993	-1425.3507	-1128.0735	0	0	0	1784008791592	0
316	-2210.9092	-2250.6418	-2423.4550	-2031.8727	0	0	0	1784008791712	0
317	-2182.1868	-2172.8520	-2346.3833	-2028.0430	0	0	0	1784008791772	0
318	-1847.8098	-1848.2885	-2013.2031	-1680.5016	0	0	0	1784008791837	0
319	-1656.3269	-1658.2417	-1828.1827	-1505.5342	0	0	0	1784008791857	0
320	-1612.5251	-1596.0098	-1753.9832	-1468.1950	0	0	0	1784008791945	0
321	-1664.2256	-1630.9554	-1790.3649	-1523.4856	0	0	0	1784008791962	0
322	-799.2017	-232.4123	-468.4150	-1474.6575	0	0	0	1784008792301	0
323	-785.7979	-626.6277	-851.6201	-1174.0294	0	0	0	1784008792736	0
324	-704.6570	-600.7775	-821.2222	-1067.2777	0	0	0	1784008792841	0
325	-1034.4862	-523.9450	-773.5908	-1694.6234	0	0	0	1784008793555	0
326	-1030.6566	-861.4336	-1080.2028	-1277.6696	0	0	0	1784008793722	0
327	-994.2748	-891.3528	-1118.2600	-1190.7842	0	0	0	1784008793762	0
328	-1069.6713	-1046.9326	-1251.8193	-1145.0676	0	0	0	1784008793838	0
329	-1185.9971	-1297.7751	-1499.3109	-1140.7593	0	0	0	1784008793988	0
330	-1134.5360	-1366.2303	-1539.7617	-829.3602	0	0	0	1784008794121	0
331	-1143.6315	-1469.8705	-1624.4929	-689.5777	0	0	0	1784008794324	0
332	-1022.7579	-1309.5035	-1468.6737	-613.9420	0	0	0	1784008794493	0
333	-1109.6433	-1415.0585	-1566.8086	-682.6365	0	0	0	1784008794604	0
334	-870.7684	-1523.2463	-1640.2902	-271.9057	0	0	0	1784008794679	0
335	-1398.7825	-10479.3790	-9660.0720	7859.1753	0	0	0	1784008794816	0
336	-2042.1649	-10313.0280	-9448.7230	6477.1475	0	0	0	1784008794920	0
337	-2032.1120	-9907.5630	-9054.9860	5964.4520	0	0	0	1784008794970	0
338	-2012.4850	-9320.4290	-8528.4080	5404.3647	0	0	0	1784008795005	0
339	-1927.2751	-8535.1100	-7796.9434	4731.3027	0	0	0	1784008795044	0
340	-1608.9349	-8803.1860	-8001.3516	5376.3604	0	0	0	1784008795253	0
341	-1228.6020	-7140.8750	-6478.5840	4174.3267	0	0	0	1784008795416	0
342	-995.9503	-6722.7246	-6079.1025	4144.6470	0	0	0	1784008795462	0
343	-942.0958	-6540.0977	-5927.3525	3990.0244	0	0	0	1784008795498	0
344	-1386.0967	-5749.9917	-5265.5396	2591.9602	0	0	0	1784008795579	0
345	-104.8369	5915.1455	4969.6987	-6811.7640	0	0	0	1784008795899	0
346	739.8420	9352.0230	7927.1520	-8497.2920	0	0	0	1784008796094	0
347	477.0317	6522.3857	5317.7188	-5882.3540	0	0	0	1784008796176	0
348	303.9791	5531.7010	4412.2440	-5137.2460	0	0	0	1784008796223	0
349	142.1760	4645.1353	3616.1540	-4446.4717	0	0	0	1784008796263	0
350	-991.6420	-258.7412	-696.7583	-1606.0626	0	0	0	1784008796700	0
351	-1164.6946	-1146.7430	-1400.2185	-997.8652	0	0	0	1784008797056	0
352	-1184.0823	-1200.5977	-1443.3022	-969.6214	0	0	0	1784008797102	0
353	-1368.3845	-1393.2773	-1598.1640	-1028.7418	0	0	0	1784008797352	0
354	-1316.4448	-1424.8720	-1628.5619	-1003.3703	0	0	0	1784008797380	0
355	-1318.8384	-1461.2537	-1664.2256	-994.7535	0	0	0	1784008797420	0
356	-1362.6400	-1577.1008	-1762.5999	-878.4277	0	0	0	1784008797665	0
357	-1325.3009	-1551.2506	-1733.3988	-910.5011	0	0	0	1784008797727	0
358	-1329.6093	-1523.0070	-1714.2505	-968.1853	0	0	0	1784008797788	0
359	-1277.6696	-1502.9012	-1669.2520	-901.1663	0	0	0	1784008797953	0
360	-1277.1908	-1439.2332	-1630.2373	-1017.4921	0	0	0	1784008797994	0
361	-1283.6533	-1453.8337	-1635.0244	-1011.7477	0	0	0	1784008798027	0
362	-813.8022	-4487.1620	-4319.6143	2769.5605	0	0	0	1784008798078	0
363	-1722.6278	-3560.6240	-3497.6740	390.6251	0	0	0	1784008798259	0
364	-3332.2808	-2487.1233	-2671.1860	-3067.5557	0	0	0	1784008798310	0
365	-1882.2767	-175.6856	-467.9363	-3224.8110	0	0	0	1784008798362	0
366	-1387.2935	68.6945	-222.8382	-2721.6897	0	0	0	1784008798388	0
367	-1242.4845	-297.2772	-571.8157	-2099.6099	0	0	0	1784008798499	0
368	-1236.2614	-423.8952	-695.5615	-1956.2369	0	0	0	1784008798562	0
369	-1299.6901	-678.3281	-935.8726	-1804.7261	0	0	0	1784008798622	0
370	-1298.7327	-790.3456	-1040.7095	-1675.9539	0	0	0	1784008798664	0
371	-706.5718	-10392.4940	-9556.9100	8945.8410	0	0	0	1784008798836	0
372	-1906.6908	-4742.5522	-4430.1960	911.2191	0	0	0	1784008799076	0
373	-1732.4413	-3689.3962	-3490.2542	173.0527	0	0	0	1784008799107	0
374	-1410.7501	-2818.6280	-2695.8396	-187.8926	0	0	0	1784008799156	0
375	-515.0889	-4187.7305	-3882.7940	2641.5063	0	0	0	1784008799234	0
376	-1014.6199	-4634.6035	-4336.3690	2278.4070	0	0	0	1784008799280	0
377	-1161.3436	-4635.8003	-4345.4644	2074.7170	0	0	0	1784008799336	0
378	-1158.4714	-4639.8696	-4347.8580	2107.7478	0	0	0	1784008799372	0
379	-1067.2777	-4699.9473	-4394.7715	2265.0032	0	0	0	1784008799403	0
380	-1098.6330	-3811.7060	-3616.6328	1329.3699	0	0	0	1784008799550	0
381	-1128.7915	-3573.5493	-3401.4539	1130.2277	0	0	0	1784008799594	0
382	-1462.4504	-3104.8948	-3033.3281	180.9513	0	0	0	1784008799803	0
383	-1124.2439	-2394.9722	-2430.8752	-151.9895	0	0	0	1784008800084	0
384	-806.3823	-1945.7054	-2002.1929	-61.0352	0	0	0	1784008800152	0
385	-1250.1438	-1223.8150	-1411.9469	-1383.9425	0	0	0	1784008800211	0
386	-6694.7200	4317.2207	3032.6100	-15268.6050	0	0	0	1784008800246	0
387	154.1437	10347.7340	8990.3600	-10594.2690	0	0	0	1784008800317	0
388	426.5281	9219.1830	7922.8433	-9004.9610	0	0	0	1784008800362	0
389	404.0289	8022.6540	6801.2324	-7768.2210	0	0	0	1784008800392	0
390	-122.0703	4834.4640	3827.0247	-5283.0127	0	0	0	1784008800521	0
391	-221.4021	4091.7498	3167.1267	-4634.1250	0	0	0	1784008800578	0
392	-525.1418	1910.0417	1217.1130	-2848.0684	0	0	0	1784008800725	0
393	-1017.9708	798.4836	201.7751	-2645.3360	0	0	0	1784008800792	0
394	823.6157	-7086.3027	-6638.4720	8253.1510	0	0	0	1784008800881	0
395	-1062.9694	-9697.6500	-9109.5590	7772.7686	0	0	0	1784008800926	0
396	-2054.3718	-9498.7470	-8950.8670	5870.8650	0	0	0	1784008800969	0
397	-1986.3955	-7705.5103	-7239.0103	4124.0625	0	0	0	1784008801034	0
398	-1755.1799	-5451.9960	-5136.2890	2274.3380	0	0	0	1784008801158	0
399	-2162.0810	6155.2173	5179.6120	-10064.5790	0	0	0	1784008801443	0
400	-711.1195	6635.3604	5698.0520	-8085.1250	0	0	0	1784008801502	0
401	-395.8908	5207.1377	4390.2236	-5988.8660	0	0	0	1784008801559	0
402	-799.6804	849.4659	326.7176	-2392.3390	0	0	0	1784008801919	0
403	-1070.8680	-259.9380	-642.1857	-1656.3269	0	0	0	1784008802042	0
404	-1094.5640	-414.0817	-772.6334	-1514.1509	0	0	0	1784008802085	0
405	-1125.6799	-551.4707	-886.0870	-1411.4681	0	0	0	1784008802131	0
406	-1387.7722	-812.3661	-1136.4509	-1719.2769	0	0	0	1784008802219	0
407	-1672.8423	-1325.3009	-1607.7382	-1765.7114	0	0	0	1784008802332	0
408	-1668.7733	-1375.5651	-1646.2740	-1720.4736	0	0	0	1784008802384	0
409	-1485.1891	-1218.0704	-1481.8381	-1508.6458	0	0	0	1784008802400	0
410	-1372.9323	-1135.7328	-1383.9425	-1366.9484	0	0	0	1784008802442	0
411	-1425.3507	-1249.1864	-1479.4446	-1348.7576	0	0	0	1784008802517	0
412	-1566.3300	-1541.1978	-1719.9950	-1330.0879	0	0	0	1784008802853	0
413	-1592.4194	-1582.3666	-1765.2328	-1340.6195	0	0	0	1784008802926	0
414	-1533.5385	-1554.3623	-1730.5265	-1265.2231	0	0	0	1784008803011	0
415	-1355.2201	-1325.0615	-1516.0657	-1305.4346	0	0	0	1784008803383	0
416	-1460.2963	-1439.9513	-1636.2212	-1371.9749	0	0	0	1784008803495	0
417	-1405.2450	-1148.4186	-1375.3258	-1412.6649	0	0	0	1784008803865	0
418	-1393.2773	-1270.9677	-1465.3228	-1397.3463	0	0	0	1784008803891	0
419	-1413.1437	-1396.8676	-1583.3241	-1514.8689	0	0	0	1784008804081	0
420	-1353.0659	-1329.1305	-1530.1875	-1454.0731	0	0	0	1784008804143	0
421	-1171.1571	-1303.9984	-1493.0878	-1035.6830	0	0	0	1784008804204	0
422	-1173.7900	-1298.0145	-1483.2743	-1060.8152	0	0	0	1784008804288	0
423	-1187.1938	-1286.0469	-1467.2375	-1079.4847	0	0	0	1784008804535	0
424	-1187.4332	-1281.4991	-1462.6898	-1096.0001	0	0	0	1784008804575	0
425	-1256.1277	-1281.7385	-1467.7163	-1139.8019	0	0	0	1784008804790	0
426	-1226.9265	-1293.9456	-1483.2743	-1148.1792	0	0	0	1784008804936	0
427	-1171.6359	-1235.5432	-1440.1906	-1099.3511	0	0	0	1784008804984	0
428	-1067.5171	-1136.6902	-1347.0820	-1022.2792	0	0	0	1784008805140	0
429	-1197.7253	-1596.9672	-1727.6543	-536.3914	0	0	0	1784008805397	0
430	-1168.0455	-1569.9203	-1703.2402	-499.2916	0	0	0	1784008805511	0
431	-1122.3290	-1520.1346	-1659.1991	-446.1551	0	0	0	1784008805587	0
432	-1075.1764	-1470.1097	-1615.3975	-409.2946	0	0	0	1784008805749	0
433	-1121.8503	-1538.0862	-1668.0552	-461.7131	0	0	0	1784008805820	0
434	-1106.2924	-1532.1024	-1663.2682	-458.3621	0	0	0	1784008805865	0
435	-1078.7666	-1486.3859	-1625.4503	-436.8203	0	0	0	1784008805899	0
436	-1367.9058	-1623.0568	-1772.4133	-818.3500	0	0	0	1784008806186	0
437	-1358.5710	-1613.7219	-1753.0258	-814.9990	0	0	0	1784008806228	0
438	-1412.1863	-1584.5209	-1739.3826	-862.6304	0	0	0	1784008806314	0
439	-1593.6162	-1833.4486	-2023.2560	-1103.4200	0	0	0	1784008806461	0
440	-1716.6440	-1926.7965	-2075.6743	-1306.3920	0	0	0	1784008806671	0
441	-1495.7206	-1695.3416	-1850.9214	-1010.0722	0	0	0	1784008806944	0
442	-1761.4031	-1955.9976	-2101.2852	-1236.5007	0	0	0	1784008807037	0
443	-1320.0350	-1399.2611	-1575.1860	-1186.7151	0	0	0	1784008807348	0
444	-1261.1540	-1284.3715	-1460.0569	-1166.6094	0	0	0	1784008807488	0
445	-1319.0776	-1289.1584	-1466.0408	-1212.8047	0	0	0	1784008807590	0
446	-1224.0543	-2704.4563	-2694.6428	360.9452	0	0	0	1784008807832	0
447	-975.6053	-3876.8103	-3721.9485	1933.4984	0	0	0	1784008807880	0
448	-1660.3959	97.6563	-215.8969	-3213.3220	0	0	0	1784008807950	0
449	-1057.9429	-628.7819	-874.1193	-1461.4930	0	0	0	1784008808252	0
450	-991.6420	-796.0901	-1027.7843	-1178.3378	0	0	0	1784008808426	0
451	337.0099	-1363.8368	-1432.5312	1341.3375	0	0	0	1784008808480	0
452	-622.3193	-3895.4797	-3779.6326	2447.6300	0	0	0	1784008808531	0
453	532.0831	-8619.6020	-7840.0270	8807.4940	0	0	0	1784008808646	0
454	-1950.7318	-10197.8990	-9471.4610	6508.9820	0	0	0	1784008808673	0
455	-77.0719	1468.4343	1019.1676	-2263.0884	0	0	0	1784008809098	0
456	-398.2844	1053.8739	618.9684	-2282.2366	0	0	0	1784008809123	0
457	-532.5618	739.8420	331.0260	-2116.3645	0	0	0	1784008809148	0
458	-1382.9851	-815.4777	-1138.1263	-1991.9006	0	0	0	1784008809243	0
459	8707.9230	-12619.6790	-10766.8430	15686.0380	0	0	0	1784008809300	0
460	1208.9750	-15686.2770	-15686.2770	15686.0380	0	0	0	1784008809319	0
461	-5977.1380	-15686.2770	-15636.9710	5336.3887	0	0	0	1784008809462	0
462	-1779.1152	-15686.2770	-15686.2770	14767.8780	0	0	0	1784008809558	0
463	-2133.3586	-15686.2770	-15674.7880	12145.2800	0	0	0	1784008809608	0
464	-972.4937	-15686.2770	-15686.2770	15686.0380	0	0	0	1784008809640	0
465	-2474.9163	-15686.2770	-15686.2770	14542.6455	0	0	0	1784008809673	0
466	-2193.4363	15686.0380	15686.0380	-15686.2770	0	0	0	1784008809820	0
467	1927.0358	13632.3840	12091.1870	-11683.3280	0	0	0	1784008809962	0
468	1641.9657	11813.2970	10347.0170	-10086.6000	0	0	0	1784008810004	0
469	1323.3860	10158.1670	8771.8310	-8735.4490	0	0	0	1784008810041	0
470	710.6408	7307.9440	6095.6180	-6658.3384	0	0	0	1784008810120	0
471	-259.4593	4161.4020	3178.8552	-4884.4890	0	0	0	1784008810262	0
472	-781.9682	1739.3826	1018.4496	-3194.4130	0	0	0	1784008810412	0
473	-1090.2556	514.6102	-44.2804	-2479.4639	0	0	0	1784008810536	0
474	-1174.2688	205.3654	-313.0745	-2315.9854	0	0	0	1784008810578	0
475	-1295.6210	-401.3960	-810.9300	-1886.8245	0	0	0	1784008810692	0
476	-1398.5431	-631.6541	-1021.3218	-1855.9478	0	0	0	1784008810721	0
477	-1434.6854	-963.8769	-1298.2539	-1598.8821	0	0	0	1784008810852	0
478	-1462.6898	-1067.2777	-1374.6077	-1540.0011	0	0	0	1784008810902	0
479	-1387.5328	-1053.3951	-1303.9984	-1480.6414	0	0	0	1784008811210	0
480	-1462.2112	-1092.6492	-1336.3112	-1571.1171	0	0	0	1784008811284	0
481	-1389.4476	-1083.0751	-1318.3596	-1376.5226	0	0	0	1784008811578	0
482	-1366.7090	-1077.8092	-1308.0674	-1382.0277	0	0	0	1784008811616	0
483	-1338.4653	-1058.1823	-1290.8340	-1370.2993	0	0	0	1784008811656	0
484	-1311.1790	-1029.6992	-1257.3245	-1356.6561	0	0	0	1784008811688	0
485	-1358.0923	-1112.0369	-1330.0879	-1398.5431	0	0	0	1784008811808	0
486	-1373.8896	-1109.4039	-1328.4125	-1375.8044	0	0	0	1784008811894	0
487	-1399.5005	-1137.1690	-1354.0233	-1388.7296	0	0	0	1784008811937	0
488	-1364.3156	-1112.0369	-1326.4977	-1371.9749	0	0	0	1784008812022	0
489	-1259.7180	-1358.8104	-1497.3961	-763.7773	0	0	0	1784008812382	0
490	-760.4264	-944.4893	-1081.3995	-493.7865	0	0	0	1784008812427	0
491	-540.4605	-696.7583	-844.6788	-312.8351	0	0	0	1784008812451	0
492	-1134.5360	-1408.1172	-1555.0803	-846.5937	0	0	0	1784008812501	0
493	-1372.2142	-1674.9965	-1829.3795	-1091.6918	0	0	0	1784008812571	0
494	-1603.4297	-1706.8304	-1887.3031	-1442.8235	0	0	0	1784008812622	0
495	-1754.7012	-1658.0023	-1835.8420	-1156.5566	0	0	0	1784008812693	0
496	-1411.9469	-1638.6147	-1805.4442	-1095.2821	0	0	0	1784008812744	0
497	-1142.1953	-1492.1304	-1639.3328	-893.7463	0	0	0	1784008812831	0
498	-1086.6653	-1406.2024	-1575.4254	-881.7786	0	0	0	1784008812867	0
499	-1473.4607	-1826.5073	-2015.1179	-1180.9707	0	0	0	1784008812980	0
500	-1049.0868	-1528.5121	-1692.4692	-651.7598	0	0	0	1784008813179	0
501	-1216.8737	-1590.7440	-1739.6220	-798.2443	0	0	0	1784008813337	0
502	-1707.3092	-2011.2883	-2155.1400	-1110.6007	0	0	0	1784008813467	0
503	-1108.2072	-1379.6342	-1486.8645	-807.3397	0	0	0	1784008813662	0
504	-1042.8636	-706.0931	-852.0988	-843.0034	0	0	0	1784008813708	0
505	-1509.8425	-1438.7545	-1651.7792	-1390.4050	0	0	0	1784008813789	0
506	-1603.6691	-1460.2963	-1653.2153	-1473.9395	0	0	0	1784008813820	0
507	-1792.5190	-1578.5370	-1787.7320	-1333.4388	0	0	0	1784008813860	0
508	-1464.3654	-1656.0875	-1863.3678	-1404.2876	0	0	0	1784008814154	0
509	-1387.0541	-1376.2832	-1566.5693	-1183.8429	0	0	0	1784008814481	0
510	-1460.2963	-1345.8853	-1523.9644	-1208.4963	0	0	0	1784008814512	0
511	-1669.7307	-1361.2039	-1572.5531	-1286.7649	0	0	0	1784008814609	0
512	-1344.9279	-1415.5372	-1600.5575	-1266.8986	0	0	0	1784008814830	0
513	-1434.4462	-1360.9646	-1568.2448	-1240.8091	0	0	0	1784008814860	0
514	-1425.1113	-1394.9528	-1549.8146	-1210.8899	0	0	0	1784008815062	0
515	-1399.5005	-1455.9879	-1635.9818	-1146.7430	0	0	0	1784008815106	0
516	-1399.0217	-1459.0995	-1638.6147	-1131.9032	0	0	0	1784008815148	0
517	-1082.1176	-1126.3981	-1327.4551	-878.6671	0	0	0	1784008815320	0
518	-1184.5609	-1247.9896	-1484.2317	-977.7595	0	0	0	1784008815353	0
519	-1127.1161	-1346.6034	-1543.5913	-1009.8328	0	0	0	1784008815384	0
520	-1181.2100	-1426.0687	-1661.8320	-1078.2880	0	0	0	1784008815466	0
521	-1216.6343	-1404.7662	-1623.0568	-1118.0206	0	0	0	1784008815561	0
522	-1118.7388	-1230.5168	-1425.1113	-1030.1779	0	0	0	1784008815754	0
523	-1252.7767	-1357.3743	-1548.6178	-1138.1263	0	0	0	1784008815803	0
524	-1151.0514	-1644.5985	-1783.9023	-835.1047	0	0	0	1784008815849	0
525	-1115.1484	-1633.1096	-1769.0624	-742.9535	0	0	0	1784008815875	0
526	-1006.7213	-1516.5444	-1663.9862	-650.8024	0	0	0	1784008815914	0
527	-1108.6859	-1182.1674	-1363.1188	-1030.1779	0	0	0	1784008816031	0
528	-1014.1412	-1091.9312	-1268.3347	-945.9254	0	0	0	1784008816062	0
529	-1091.2130	-1744.4090	-1863.6070	-474.3988	0	0	0	1784008816237	0
530	-1001.4554	-1663.5074	-1794.9126	-424.8526	0	0	0	1784008816355	0
531	-1152.7269	-1772.1741	-1895.2018	-578.7570	0	0	0	1784008816472	0
532	-1078.0486	-1680.0230	-1814.5397	-543.5720	0	0	0	1784008816567	0
533	-1151.2908	-1732.6807	-1868.3942	-611.0698	0	0	0	1784008816633	0
534	-1184.0823	-1825.0712	-1964.6144	-624.7129	0	0	0	1784008816727	0
535	-1170.4391	-1825.5499	-1947.6202	-593.3575	0	0	0	1784008816754	0
536	-1152.4875	-1821.7202	-1953.6040	-591.6821	0	0	0	1784008816804	0
537	-1175.9442	-1879.1650	-1980.8904	-601.4956	0	0	0	1784008816853	0
538	-1183.1249	-1898.5527	-2001.4747	-582.5867	0	0	0	1784008816874	0
539	-1262.1116	-2002.9109	-2109.9019	-644.8186	0	0	0	1784008816920	0
540	-1088.5802	-1784.6204	-1903.5791	-488.2813	0	0	0	1784008817171	0
541	-1568.0054	-1518.2198	-1702.2828	-1371.2567	0	0	0	1784008817471	0
542	-1489.9762	-1458.8602	-1637.6573	-1293.2275	0	0	0	1784008817680	0
543	-1559.3887	-1536.4108	-1706.1124	-1367.6665	0	0	0	1784008817831	0
544	-1642.6837	-1601.9937	-1767.3870	-1457.4241	0	0	0	1784008817961	0
545	-1554.1229	-1503.3799	-1654.4121	-1368.1451	0	0	0	1784008818004	0
546	-989.0090	-1268.3347	-1447.3712	-786.0372	0	0	0	1784008818364	0
547	-1191.5022	-1335.3538	-1528.2727	-1075.6550	0	0	0	1784008818848	0
548	-1015.0986	-1635.7424	-1760.9244	-682.8758	0	0	0	1784008819159	0
549	-1480.6414	-1701.3253	-1851.1608	-1133.3392	0	0	0	1784008819251	0
550	-1458.1421	-1656.8055	-1813.5822	-1107.4891	0	0	0	1784008819291	0
551	-1422.4784	-1562.2610	-1720.9524	-1070.1499	0	0	0	1784008819317	0
552	-1375.0864	-1518.9380	-1677.6294	-1041.6669	0	0	0	1784008819366	0
553	-1481.8381	-1528.5121	-1711.8569	-1160.8650	0	0	0	1784008819691	0
554	-1488.0613	-1494.0452	-1652.4972	-1161.5830	0	0	0	1784008819732	0
555	-1470.1097	-1532.5810	-1724.0640	-1183.1249	0	0	0	1784008819925	0
556	-1501.4651	-1578.0582	-1748.2386	-1191.7416	0	0	0	1784008820081	0
557	-1495.2420	-1551.9688	-1717.6014	-1197.0073	0	0	0	1784008820167	0
558	-1536.8894	-1216.6343	-1412.1863	-1429.6590	0	0	0	1784008820332	0
559	-1397.3463	-1162.5404	-1379.8735	-1363.3580	0	0	0	1784008820504	0
560	-1344.2098	-1116.1058	-1331.7634	-1314.2906	0	0	0	1784008820617	0
561	-1329.8486	-1112.9943	-1328.6519	-1302.0836	0	0	0	1784008820661	0
562	-1324.5828	-1124.7225	-1340.8589	-1317.4022	0	0	0	1784008820687	0
563	-1346.1246	-1165.6520	-1397.5857	-1341.5769	0	0	0	1784008820814	0
564	-1351.6298	-1179.5345	-1410.9895	-1320.5138	0	0	0	1784008820879	0
565	-1373.6503	-1202.7518	-1432.2919	-1330.3273	0	0	0	1784008820921	0
566	-1256.8457	-1144.8282	-1378.4374	-1215.6769	0	0	0	1784008821136	0
567	-1408.1172	-1103.6594	-1295.1423	-1264.9838	0	0	0	1784008821311	0
568	-1402.1334	-1188.6300	-1366.7090	-1270.4889	0	0	0	1784008821348	0
569	-1531.8630	-1230.2775	-1446.1744	-1401.6547	0	0	0	1784008821629	0
570	-1257.5638	-1313.5725	-1461.0144	-1123.0471	0	0	0	1784008821692	0
571	-1270.7283	-1173.0720	-1354.2627	-1144.8282	0	0	0	1784008821728	0
572	-1396.6283	-1189.1086	-1417.4520	-1286.7649	0	0	0	1784008821810	0
573	-1555.0803	-1199.6403	-1413.3829	-1448.8074	0	0	0	1784008821836	0
574	-1383.7031	-1263.7870	-1413.3829	-1251.8193	0	0	0	1784008821962	0
575	-1446.8925	-1317.8809	-1475.6149	-1290.1158	0	0	0	1784008821988	0
576	-1499.3109	-1314.7693	-1485.1891	-1264.7444	0	0	0	1784008822127	0
577	-1834.8846	-1250.1438	-1459.0995	-1427.9835	0	0	0	1784008822229	0
578	-1111.5581	-1118.9780	-1281.9779	-1728.6117	0	0	0	1784008822343	0
579	-923.4262	-1191.0236	-1347.3214	-615.6174	0	0	0	1784008822603	0
580	-808.2971	-1118.0206	-1273.6005	-758.5115	0	0	0	1784008822630	0
581	-832.4718	-1104.1382	-1268.8135	-785.7979	0	0	0	1784008822669	0
582	-964.1163	-1048.6082	-1250.3832	-833.6686	0	0	0	1784008822898	0
583	-932.7610	-1112.5155	-1280.3024	-859.0400	0	0	0	1784008822937	0
584	-993.0781	-1079.4847	-1273.6005	-881.2999	0	0	0	1784008822977	0
585	-740.5601	-1222.8575	-1398.5431	-1013.6625	0	0	0	1784008823027	0
586	-1038.3159	-1261.1540	-1431.5739	-988.2910	0	0	0	1784008823160	0
587	-1094.5640	-1252.2980	-1429.1803	-984.7007	0	0	0	1784008823173	0
588	-1113.7123	-1275.7546	-1445.4564	-1011.2689	0	0	0	1784008823238	0
589	-963.6376	-1634.0670	-1786.5353	-800.8771	0	0	0	1784008823275	0
590	-942.8138	-1615.6368	-1781.2694	-757.5541	0	0	0	1784008823391	0
591	-1031.8534	-1657.0449	-1814.5397	-820.2648	0	0	0	1784008823431	0
592	-1020.3644	-1615.8761	-1790.6042	-857.1252	0	0	0	1784008823517	0
593	-1033.5288	-1613.2433	-1793.4766	-842.7640	0	0	0	1784008823593	0
594	-1030.8960	-1601.9937	-1776.4824	-828.1635	0	0	0	1784008823673	0
595	-1017.0134	-1588.8292	-1737.4678	-818.8287	0	0	0	1784008823768	0
596	-1069.1925	-1622.8174	-1784.1417	-838.9344	0	0	0	1784008823843	0
597	-1096.2395	-1572.7925	-1736.7498	-805.6642	0	0	0	1784008824224	0
598	-1583.3241	-1713.2931	-1884.4309	-1186.7151	0	0	0	1784008824439	0
599	-1620.4238	-1717.1227	-1879.4044	-1243.6813	0	0	0	1784008824512	0
600	-1533.2992	-1639.3328	-1791.0830	-1159.6682	0	0	0	1784008824560	0
601	-1343.7311	-1426.7867	-1602.2330	-984.4614	0	0	0	1784008824640	0
602	-1407.6385	-1489.4974	-1670.9275	-1031.6140	0	0	0	1784008824679	0
603	-1541.4371	-1633.8276	-1809.7526	-1131.9032	0	0	0	1784008824708	0
604	-1482.0775	-1573.7499	-1744.8877	-1065.6022	0	0	0	1784008824753	0
605	-1596.7279	-1685.7673	-1851.1608	-1187.6726	0	0	0	1784008824913	0
606	-1690.5544	-1752.0684	-1926.0784	-1289.1584	0	0	0	1784008825027	0
607	-1558.1919	-1464.3654	-1646.5134	-1347.5608	0	0	0	1784008825096	0
608	-1559.1493	-1481.5988	-1652.2579	-1355.4595	0	0	0	1784008825150	0
609	-1512.9541	-1420.8030	-1600.7969	-1341.5769	0	0	0	1784008825170	0
610	-1119.6962	-965.5524	-1170.6785	-1200.3583	0	0	0	1784008825367	0
611	-1093.8460	-965.7917	-1163.9766	-1141.4773	0	0	0	1784008825491	0
612	-1111.0793	-998.5832	-1208.7357	-1166.6094	0	0	0	1784008825578	0
613	-1151.2908	-1039.9913	-1249.6652	-1199.4009	0	0	0	1784008825598	0
614	-1147.9398	-1039.7521	-1260.1967	-1213.7621	0	0	0	1784008825649	0
615	-1128.0735	-1029.4598	-1248.4684	-1170.6785	0	0	0	1784008825723	0
616	-1001.4554	-895.1824	-1109.8827	-1205.8634	0	0	0	1784008825801	0
617	-927.9739	-808.2971	-1016.7741	-1173.5507	0	0	0	1784008825895	0
618	-1044.2998	-880.3425	-1072.5435	-1169.2423	0	0	0	1784008826082	0
619	-1053.6345	-920.0753	-1119.9354	-1163.0192	0	0	0	1784008826214	0
620	-1022.9973	-911.4585	-1116.8239	-1149.1366	0	0	0	1784008826245	0
621	-1458.3815	-1190.0660	-1349.9543	-534.4766	0	0	0	1784008826451	0
622	-643.6218	-1362.6400	-1488.7794	-403.7895	0	0	0	1784008826532	0
623	-1337.9866	-1428.9409	-1574.2286	-1217.8310	0	0	0	1784008826568	0
624	-909.5436	-1538.5650	-1689.1183	-807.8184	0	0	0	1784008826640	0
625	-1013.4232	-1772.1741	-1902.6217	-755.4000	0	0	0	1784008826816	0
626	-986.6155	-1530.9056	-1664.7042	-629.0212	0	0	0	1784008826962	0
627	-1034.4862	-1567.0480	-1702.0435	-648.4089	0	0	0	1784008827063	0
628	-1084.9899	-1597.6853	-1724.0640	-691.2532	0	0	0	1784008827130	0
629	-1082.8357	-1589.0685	-1726.6969	-690.0564	0	0	0	1784008827213	0
630	-1075.6550	-1554.8410	-1693.1874	-680.9610	0	0	0	1784008827258	0
631	-1340.8589	-1683.8525	-1816.6938	-884.4116	0	0	0	1784008827298	0
632	-1378.9160	-1706.3518	-1843.0227	-920.0753	0	0	0	1784008827367	0
633	-1361.2039	-1686.2461	-1831.7731	-933.0003	0	0	0	1784008827488	0
634	-1402.1334	-1683.1345	-1816.4545	-973.9298	0	0	0	1784008827718	0
635	-1520.3740	-1809.9920	-1940.9183	-997.1471	0	0	0	1784008827800	0
636	-1338.4653	-1555.0803	-1708.2666	-981.3497	0	0	0	1784008827968	0
637	-1500.5077	-1781.5088	-1920.3339	-994.7535	0	0	0	1784008827995	0
638	-1506.0128	-1672.6029	-1815.7363	-985.6581	0	0	0	1784008828085	0
639	-1333.6782	-1147.2218	-1385.8573	-1395.6708	0	0	0	1784008828748	0
640	-1273.6005	-1107.0104	-1356.1775	-1359.0497	0	0	0	1784008829142	0
641	-1344.4491	-1129.5096	-1388.4902	-1452.1583	0	0	0	1784008829232	0
642	-1314.5299	-1090.4950	-1341.3375	-1500.5077	0	0	0	1784008829393	0
643	-1321.7106	-1074.4583	-1309.2642	-1561.3035	0	0	0	1784008829714	0
644	-1199.6403	-956.6964	-1179.5345	-1437.5577	0	0	0	1784008829882	0
645	-1180.9707	-940.4203	-1165.8914	-1496.1993	0	0	0	1784008829949	0
646	-895.4218	-1040.4701	-1238.8942	-881.0606	0	0	0	1784008829997	0
647	-859.9975	-1017.9708	-1219.7460	-843.0034	0	0	0	1784008830051	0
648	-850.4233	-1016.5347	-1215.6769	-819.0680	0	0	0	1784008830130	0
649	-856.1679	-1008.1573	-1209.4537	-802.0739	0	0	0	1784008830150	0
650	-841.3279	-1000.7374	-1192.6990	-780.2927	0	0	0	1784008830202	0
651	-811.1693	-991.6420	-1177.3804	-761.6232	0	0	0	1784008830252	0
652	-796.0901	-987.5729	-1179.5345	-748.4587	0	0	0	1784008830275	0
653	-789.3882	-994.2748	-1183.1249	-722.3691	0	0	0	1784008830352	0
654	-1144.3495	-1437.3184	-1599.1213	-859.5187	0	0	0	1784008830376	0
655	-1122.5684	-1416.9733	-1571.8351	-835.3441	0	0	0	1784008830431	0
656	-1498.3535	-2146.2837	-2246.0942	-641.7070	0	0	0	1784008830696	0
657	-1495.9600	-2158.9695	-2274.8167	-625.9097	0	0	0	1784008830809	0
658	-1488.0613	-2199.6597	-2306.1719	-541.6572	0	0	0	1784008830881	0
659	-1478.0084	-2188.4100	-2288.9385	-544.5294	0	0	0	1784008830904	0
660	-1445.9350	-2184.3408	-2302.5815	-604.3679	0	0	0	1784008831041	0
661	-1172.3539	-1882.0374	-2015.1179	-597.6659	0	0	0	1784008831067	0
662	-1184.5609	-1872.4631	-1997.6451	-639.0741	0	0	0	1784008831114	0
663	-1179.2952	-1817.4119	-1943.0725	-632.6116	0	0	0	1784008831185	0
664	-1496.9174	-1446.1744	-1616.8335	-1323.6254	0	0	0	1784008831301	0
665	-1501.9438	-1463.4078	-1635.7424	-1315.9661	0	0	0	1784008831344	0
666	-1486.8645	-1403.3302	-1584.5209	-1276.4728	0	0	0	1784008831393	0
667	-1367.1877	-1264.2657	-1452.8763	-1258.5212	0	0	0	1784008831631	0
668	-1432.5312	-1660.6353	-1816.9331	-1019.1676	0	0	0	1784008831839	0
669	-1462.6898	-1510.0818	-1668.5339	-928.2133	0	0	0	1784008831872	0
670	-1557.2345	-1695.5809	-1874.6174	-1173.3113	0	0	0	1784008831991	0
671	-1557.2345	-1715.2079	-1871.9845	-1182.4067	0	0	0	1784008832114	0
672	-1714.7291	-1929.4293	-2084.5305	-1350.6724	0	0	0	1784008832195	0
673	-1371.7355	-868.3749	-1099.1117	-1781.5088	0	0	0	1784008832357	0
674	-1283.8927	-781.0108	-1019.4070	-1731.2446	0	0	0	1784008832391	0
675	-1457.6635	-771.6760	-1033.7682	-2037.8566	0	0	0	1784008832510	0
676	-1360.4858	-577.7996	-853.2956	-2070.6480	0	0	0	1784008832553	0
677	-1474.8969	-614.1813	-878.9064	-2202.5317	0	0	0	1784008832627	0
678	-1340.1407	-557.6939	-809.9726	-2020.3837	0	0	0	1784008832728	0
679	-1371.7355	-794.8933	-1026.1089	-1849.7246	0	0	0	1784008832835	0
680	-1254.6915	-656.0682	-894.4644	-1719.2769	0	0	0	1784008832873	0
681	-1515.1083	-988.2910	-1214.9589	-1885.1489	0	0	0	1784008832962	0
682	-1382.2670	-833.6686	-1057.2249	-1753.7438	0	0	0	1784008832996	0
683	-1459.8176	-920.5540	-1150.3334	-1839.6718	0	0	0	1784008833036	0
684	-1543.1127	-992.3600	-1219.0278	-1911.2385	0	0	0	1784008833082	0
685	-1881.3192	-1080.6815	-1330.3273	-2401.9133	0	0	0	1784008833203	0
686	-793.6965	-1690.5544	-1788.2107	-214.7002	0	0	0	1784008833315	0
687	-692.2106	-1591.4620	-1699.8893	-114.4110	0	0	0	1784008833385	0
688	-575.1667	-1482.3168	-1584.9995	12.6857	0	0	0	1784008833477	0
689	-313.7926	-1137.6477	-1268.8135	-24.4141	0	0	0	1784008833672	0
690	-109.8633	-1036.1617	-1168.5243	136.9103	0	0	0	1784008833768	0
691	-144.5696	-862.3910	-1020.1251	-123.7458	0	0	0	1784008833822	0
692	16.0367	-1039.9913	-1184.8003	90.2363	0	0	0	1784008834017	0
693	-53.3758	-1154.1631	-1306.3920	38.2966	0	0	0	1784008834045	0
694	-145.5270	-1126.1587	-1276.4728	43.5624	0	0	0	1784008834153	0
695	-31.5947	-1072.3041	-1192.4596	187.6532	0	0	0	1784008834205	0
696	16.0367	-1178.0984	-1317.4022	248.4490	0	0	0	1784008834281	0
697	410.0127	-3024.2327	-2935.4326	2700.6267	0	0	0	1784008834335	0
698	462.4312	-2880.6206	-2803.5486	2680.5210	0	0	0	1784008834363	0
699	595.9905	-2887.5618	-2826.7659	2831.3137	0	0	0	1784008834614	0
700	887.2838	-2650.8410	-2568.0247	3107.7670	0	0	0	1784008834731	0
701	1293.9456	-2203.2498	-2117.3220	3505.0940	0	0	0	1784008834778	0
702	390.1464	-3129.0696	-3053.4338	2623.0762	0	0	0	1784008834815	0
703	428.2036	-2905.5134	-2811.2080	2666.6384	0	0	0	1784008834982	0
704	320.4945	-2898.5720	-2811.9260	2525.8984	0	0	0	1784008835057	0
705	60.7958	-3096.9960	-3019.2063	2328.9104	0	0	0	1784008835100	0
706	-172.3346	-2799.2402	-2762.3800	1784.6204	0	0	0	1784008835209	0
707	-2732.2212	-1287.9617	-1570.8777	-2914.8481	0	0	0	1784008835383	0
708	-2722.6472	-1229.3201	-1512.7147	-2945.9640	0	0	0	1784008835408	0
709	-2695.1216	-1150.3334	-1430.1377	-2967.9846	0	0	0	1784008835448	0
710	-2850.2227	-1138.3657	-1439.7119	-3235.5820	0	0	0	1784008835642	0
711	-2832.7498	-1073.0222	-1384.6605	-3229.1194	0	0	0	1784008835809	0
712	-2867.9348	-1117.5420	-1412.1863	-3321.2705	0	0	0	1784008835886	0
713	-2874.1580	-1080.2028	-1377.2406	-3360.2852	0	0	0	1784008835984	0
714	-2899.5295	-1030.8960	-1332.2421	-3397.6243	0	0	0	1784008836067	0
715	-2902.1624	-1026.8269	-1332.9602	-3447.8887	0	0	0	1784008836137	0
716	-2890.1946	-986.1368	-1304.2378	-3427.5435	0	0	0	1784008836190	0
717	-1901.9037	-36.3817	-420.3049	-3287.0430	0	0	0	1784008836337	0
718	-1863.1284	-81.1409	-446.1551	-3126.4368	0	0	0	1784008836460	0
719	-1784.1417	-82.8163	-433.7087	-3052.7158	0	0	0	1784008836570	0
720	-1579.9731	-81.6196	-421.9804	-2813.6016	0	0	0	1784008836858	0
721	-1630.2373	-137.8677	-472.2447	-2832.5105	0	0	0	1784008836941	0
722	-1505.5342	3.1116	-345.8659	-2702.7808	0	0	0	1784008837176	0
723	-1573.5105	-58.6416	-404.7469	-2771.9540	0	0	0	1784008837223	0
724	550.2739	-2072.5627	-2067.7756	2096.9768	0	0	0	1784008837345	0
725	1002.8916	-1982.3265	-1964.8536	2420.3435	0	0	0	1784008837413	0
726	1357.6136	-1698.6925	-1691.0332	2794.4531	0	0	0	1784008837503	0
727	1476.8116	-1546.7030	-1515.1083	3006.2812	0	0	0	1784008837530	0
728	1235.7826	-1927.0358	-1872.9419	2953.6233	0	0	0	1784008837703	0
729	1057.4642	-2089.3176	-2034.2662	2764.7734	0	0	0	1784008837750	0
730	96.9382	-3077.3691	-3010.1108	1863.8464	0	0	0	1784008837814	0
731	-27.7650	-3182.9240	-3114.4690	1738.6646	0	0	0	1784008837856	0
732	-598.8627	-3850.4812	-3767.6650	1202.2731	0	0	0	1784008837939	0
733	-604.3679	-3849.0452	-3751.1497	1196.7680	0	0	0	1784008837979	0
734	709.6834	-2381.8076	-2321.9692	2307.3687	0	0	0	1784008838298	0
735	-1140.0411	-2635.0437	-2652.7559	361.6633	0	0	0	1784008838347	0
736	-1155.3599	-2464.1453	-2543.6106	310.4416	0	0	0	1784008838580	0
737	-1140.0411	-2240.1104	-2317.6610	151.2715	0	0	0	1784008838830	0
738	-1183.6035	-2350.2130	-2418.4287	81.8589	0	0	0	1784008838870	0
739	-1215.4376	-2331.5435	-2409.0940	76.8325	0	0	0	1784008838906	0
740	-1268.0953	-2411.7268	-2489.2773	18.6696	0	0	0	1784008838940	0
741	-1909.5630	-2789.9055	-2808.3357	-480.6220	0	0	0	1784008839141	0
742	-1590.9834	-2429.9177	-2495.2612	-127.5755	0	0	0	1784008839193	0
743	-1049.0868	-1917.7010	-1961.7421	291.7720	0	0	0	1784008839250	0
744	-2656.8250	-700.1092	-944.9680	-3283.2134	0	0	0	1784008839542	0
745	-2520.8720	-719.9756	-681.9184	-3123.3252	0	0	0	1784008839628	0
746	-2480.9001	-628.3032	-557.6939	-3031.6526	0	0	0	1784008839669	0
747	-2493.3464	-663.7275	-574.9274	-3070.1885	0	0	0	1784008839715	0
748	-2395.6902	-576.6028	-691.9713	-3057.2634	0	0	0	1784008839903	0
749	-2312.3950	930.8461	-545.0081	-2804.7454	0	0	0	1784008840095	0
750	-2282.2366	2494.7825	-315.7074	-2730.3064	0	0	0	1784008840143	0
751	-2315.5066	3303.0796	-963.6376	-2766.9275	0	0	0	1784008840228	0
752	-353.0466	1948.0989	-922.4688	-33.0308	0	0	0	1784008840352	0
753	-366.6897	439.6926	772.8727	28.2437	0	0	0	1784008840548	0
754	-365.4930	179.5152	671.1475	44.0411	0	0	0	1784008840598	0
755	-367.6471	-728.1137	-451.1815	-39.2540	0	0	0	1784008840916	0
756	-2269.5508	-441.8467	752.2883	-1147.9398	0	0	0	1784008840998	0
757	-317.1435	-1530.1875	-1358.0923	214.9395	0	0	0	1784008841199	0
758	-19.6270	-1500.0290	-1417.9307	343.2331	0	0	0	1784008841246	0
759	108.9059	-1476.0936	-1513.4327	421.0230	0	0	0	1784008841316	0
760	443.7616	-2523.2656	-2465.1028	1147.2218	0	0	0	1784008841474	0
761	404.5076	-2606.8000	-2384.9192	1066.7990	0	0	0	1784008841558	0
762	127.0968	-2643.6604	-2206.1220	1008.3967	0	0	0	1784008841679	0
763	104.1188	-2586.2156	-2220.0046	1028.7418	0	0	0	1784008841727	0
764	-108.4272	-2591.2420	-2484.4902	857.3646	0	0	0	1784008842007	0
765	-249.1671	-2525.6592	-2507.2290	846.1150	0	0	0	1784008842132	0
766	-568.7042	-2492.8677	-2497.8940	729.5497	0	0	0	1784008842197	0
767	-1044.7784	-2496.2188	-2535.4727	775.2663	0	0	0	1784008842268	0
768	-2635.2832	-1525.1611	-1763.7966	-2223.8342	0	0	0	1784008842424	0
769	-2551.0305	-1485.4285	-1742.4941	-2280.3218	0	0	0	1784008842436	0
770	-2532.1218	-1500.9865	-1748.7174	-2212.1060	0	0	0	1784008842480	0
771	-2784.4004	-1471.0673	-1728.8511	-2317.9001	0	0	0	1784008842558	0
772	-4022.3372	-1327.6945	-1597.2065	-2393.5360	0	0	0	1784008842609	0
773	-7291.9070	-1035.4436	-1360.2465	-3458.8990	0	0	0	1784008842722	0
774	-6956.8125	-992.3600	-1354.5020	-2754.9600	0	0	0	1784008842776	0
775	-5783.7400	-1268.0953	-1594.8130	-261.6135	0	0	0	1784008842901	0
776	-4102.5205	-1309.9822	-1605.3446	-2526.6165	0	0	0	1784008842991	0
777	-2219.5260	-1399.7399	-1755.4193	-3903.3784	0	0	0	1784008843055	0
778	-1124.7225	-1493.5664	-1850.2032	-3884.4695	0	0	0	1784008843120	0
779	-661.8127	-1532.8204	-1887.0637	-3788.7280	0	0	0	1784008843211	0
780	603.1711	-832.2325	-1212.5653	-3021.5999	0	0	0	1784008843434	0
781	566.0712	-589.5279	-977.2808	-2821.9790	0	0	0	1784008843462	0
782	315.2287	-650.3237	-1008.8754	-2767.6458	0	0	0	1784008843487	0
783	-570.3796	-799.2017	-1153.4450	-2674.7764	0	0	0	1784008843659	0
784	-664.6849	-775.5057	-1118.7388	-2694.1640	0	0	0	1784008843682	0
785	-752.0490	-715.6672	-1075.8944	-2729.8280	0	0	0	1784008843741	0
786	-890.8741	-688.8597	-1048.6082	-2864.8232	0	0	0	1784008843785	0
787	-1379.3948	-723.8053	-1079.4847	-2955.7776	0	0	0	1784008843906	0
788	-1124.2439	-703.9389	-1073.9796	-2917.9597	0	0	0	1784008843934	0
789	-826.4880	-702.7422	-1081.6389	-2838.0156	0	0	0	1784008844019	0
790	-942.3351	-602.4530	-957.4144	-2585.7368	0	0	0	1784008844166	0
791	-904.7566	-675.4559	-1055.7887	-2605.6033	0	0	0	1784008844210	0
792	2192.7183	-2126.4172	-2287.2630	2073.7595	0	0	0	1784008844377	0
793	2942.1345	-2022.2986	-2168.5437	2223.3555	0	0	0	1784008844414	0
794	4702.5800	-2091.7112	-2246.0942	2386.1160	0	0	0	1784008844452	0
795	15675.2670	-2801.1550	-2839.6912	4560.4043	0	0	0	1784008844745	0
796	13517.2550	-2713.7910	-2805.7030	4204.2460	0	0	0	1784008844819	0
797	5226.7646	-2034.5056	-2169.9797	2829.8777	0	0	0	1784008844919	0
798	3372.9710	-1835.1240	-2003.8683	2530.4463	0	0	0	1784008844975	0
799	3331.0840	-1765.7114	-1936.6100	2565.6310	0	0	0	1784008845016	0
800	5210.9673	-1951.9286	-2107.2690	2466.7780	0	0	0	1784008845097	0
801	5357.2124	-2053.8933	-2201.8137	2913.6514	0	0	0	1784008845285	0
802	86.1673	-2203.7285	-2315.7460	-187.6532	0	0	0	1784008845706	0
803	-89.9970	-2138.8638	-2241.7860	-291.7720	0	0	0	1784008845763	0
804	-586.4163	-2158.0120	-2277.4495	-603.8891	0	0	0	1784008845843	0
805	-709.6834	-2094.1047	-2266.4392	-683.5939	0	0	0	1784008845875	0
806	-756.1180	-2104.8755	-2245.6155	-659.8979	0	0	0	1784008845935	0
807	-1021.0825	-2040.7288	-2214.2600	-887.2838	0	0	0	1784008845992	0
808	-1008.3967	-1994.2942	-2158.7300	-918.3998	0	0	0	1784008846030	0
809	-850.9020	-2066.5789	-2208.2764	-810.6906	0	0	0	1784008846060	0
810	-485.1697	-2078.7860	-2202.5317	-537.3488	0	0	0	1784008846111	0
811	-246.7736	-2143.8901	-2312.8738	-118.9587	0	0	0	1784008846196	0
812	-270.4696	-2162.3203	-2290.8533	57.4449	0	0	0	1784008846220	0
813	-296.3198	-2170.6978	-2292.0500	37.0998	0	0	0	1784008846269	0
814	-5108.0450	-794.4146	-1117.3026	-4050.8203	0	0	0	1784008846428	0
815	-5193.9730	-796.0901	-1126.1587	-4113.7705	0	0	0	1784008846466	0
816	-5819.1646	-792.9784	-1110.1220	-4547.0005	0	0	0	1784008846747	0
817	-5830.8930	-860.4762	-1187.1938	-4617.3700	0	0	0	1784008846802	0
818	-5601.5923	-848.2692	-1169.7211	-4481.4175	0	0	0	1784008846828	0
819	-5283.7305	-587.8524	-972.4937	-4361.5015	0	0	0	1784008847032	0
820	-5354.8190	-698.6732	-1090.4950	-4174.0874	0	0	0	1784008847052	0
821	-5465.8790	-820.2648	-1195.8105	-4268.1533	0	0	0	1784008847113	0
822	-25.3715	-874.5980	-1092.6492	-975.6053	0	0	0	1784008847511	0
823	190.5255	-967.4672	-1160.6256	-745.1077	0	0	0	1784008847804	0
824	348.2595	-999.3013	-1181.6887	-421.2623	0	0	0	1784008847937	0
825	425.3313	-992.5994	-1166.3701	-383.6838	0	0	0	1784008847996	0
826	530.4076	-769.7612	-916.0062	-317.3829	0	0	0	1784008848073	0
827	743.1929	-882.7361	-970.3395	-147.9205	0	0	0	1784008848158	0
828	821.4615	-1009.8328	-1101.0265	-27.0470	0	0	0	1784008848235	0
829	3678.8647	-2383.7224	-2427.7634	2484.7297	0	0	0	1784008848411	0
830	3805.4830	-2355.0000	-2410.0513	2825.3298	0	0	0	1784008848517	0
831	3773.4094	-2269.3115	-2294.4436	2732.9395	0	0	0	1784008848746	0
832	3890.9321	-2301.1455	-2377.0205	2604.1672	0	0	0	1784008848836	0
833	3083.3530	-2217.1323	-2299.4700	2430.8752	0	0	0	1784008848949	0
834	3356.9340	-2245.3760	-2307.6080	2443.8003	0	0	0	1784008849002	0
835	3968.7220	-2112.2954	-2210.9092	2875.1155	0	0	0	1784008849075	0
836	3919.8938	-2194.6330	-2255.1897	2873.6792	0	0	0	1784008849118	0
837	3854.3110	-2205.6433	-2276.0134	2815.5164	0	0	0	1784008849158	0
838	3966.0890	-2232.2117	-2309.2834	2821.5002	0	0	0	1784008849350	0
839	-2791.3416	-1617.7910	-1817.6512	-1875.8141	0	0	0	1784008849696	0
840	-2599.6194	-1525.6398	-1732.2020	-1899.7495	0	0	0	1784008849711	0
841	-2737.2478	-1593.8556	-1755.6587	-1987.1135	0	0	0	1784008849770	0
842	-3011.0684	-1796.3488	-1978.0181	-2221.4407	0	0	0	1784008849924	0
843	-3025.6687	-1736.7498	-1925.1210	-2236.5200	0	0	0	1784008850045	0
844	-3117.1018	-1701.0860	-1913.1533	-2379.1748	0	0	0	1784008850115	0
845	-3117.5806	-1699.4105	-1908.6056	-2518.9573	0	0	0	1784008850251	0
846	-3167.6055	-1582.1273	-1843.5015	-2569.9395	0	0	0	1784008850351	0
847	-5314.8467	-600.2988	-947.8403	-4782.0454	0	0	0	1784008850404	0
848	-5420.4014	-594.7937	-939.4629	-4808.1353	0	0	0	1784008850527	0
849	-5291.8687	-618.2504	-961.7228	-4792.0980	0	0	0	1784008850580	0
850	-5313.6500	-632.3722	-973.9298	-4753.5625	0	0	0	1784008850594	0
851	-5457.5015	-653.1960	-987.8123	-4807.6562	0	0	0	1784008850640	0
852	-5420.1620	-601.9743	-937.5480	-4838.0540	0	0	0	1784008850718	0
853	-5404.1255	-621.3619	-953.1060	-4824.4110	0	0	0	1784008850776	0
854	-5434.0450	-631.1754	-963.6376	-4837.8150	0	0	0	1784008850815	0
855	-5358.8877	-614.1813	-941.1384	-4781.3276	0	0	0	1784008850847	0
856	-5039.3506	-573.7306	-909.7830	-4591.2810	0	0	0	1784008851325	0
857	2522.3080	-1214.9589	-1367.6665	875.3161	0	0	0	1784008851403	0
858	2712.8337	-1285.5681	-1432.5312	1362.1614	0	0	0	1784008851656	0
859	2294.9224	-1352.1085	-1515.8263	1102.7020	0	0	0	1784008851880	0
860	2346.1440	-1309.9822	-1481.5988	1176.1836	0	0	0	1784008852073	0
861	2213.7815	-1368.6239	-1532.1024	1098.6330	0	0	0	1784008852203	0
862	2214.0208	-1341.3375	-1504.8160	1119.2174	0	0	0	1784008852331	0
863	3460.5742	-2295.4010	-2369.6006	2683.3930	0	0	0	1784008852423	0
864	3414.8577	-2306.8900	-2340.3994	2634.5650	0	0	0	1784008852481	0
865	3344.9666	-2314.3098	-2374.1484	2594.8323	0	0	0	1784008852546	0
866	3352.1472	-2332.5007	-2404.7856	2597.7046	0	0	0	1784008852586	0
867	3364.1147	-2328.1924	-2388.5095	2601.2950	0	0	0	1784008852608	0
868	3341.3762	-2375.5845	-2312.6345	2589.0880	0	0	0	1784008852665	0
869	3343.2910	-2327.2350	-2463.4272	2590.7634	0	0	0	1784008852736	0
870	3368.4230	-2358.8296	-2318.8577	2600.5770	0	0	0	1784008852830	0
871	3335.1530	-2354.5212	-2292.7680	2585.2583	0	0	0	1784008852871	0
872	3313.8506	-2354.0427	-2260.4553	2574.9660	0	0	0	1784008852890	0
873	3335.8710	-2131.2043	-2263.5670	2591.4814	0	0	0	1784008853050	0
874	3299.7288	-2168.7830	-2306.6506	2568.5034	0	0	0	1784008853076	0
875	3314.0898	-1998.8419	-2203.2498	2590.7634	0	0	0	1784008853089	0
876	3435.4421	-1129.2703	-2290.1353	2713.7910	0	0	0	1784008853141	0
877	-3997.2050	-3288.4790	-44.0411	-3188.1900	0	0	0	1784008853409	0
878	-4084.3298	-3676.9500	78.2686	-3192.4983	0	0	0	1784008853468	0
879	-3960.5840	-3135.5322	-224.2743	-2912.6938	0	0	0	1784008853585	0
880	-3981.8865	-3010.8289	-461.2344	-2992.3987	0	0	0	1784008853663	0
881	-3912.4739	-2655.1494	-64.6255	-2835.1433	0	0	0	1784008853699	0
882	-3656.8442	-2276.7314	301.5855	-2442.3640	0	0	0	1784008853772	0
883	-3522.3276	-1389.9264	744.1503	-2609.4329	0	0	0	1784008853949	0
884	-3511.0780	-1111.5581	427.0068	-2623.5547	0	0	0	1784008854060	0
885	-3460.8137	-1060.0970	523.7057	-2627.8630	0	0	0	1784008854113	0
886	-3466.7976	-1132.1425	633.0903	-2616.1348	0	0	0	1784008854160	0
887	-3404.8050	-1150.5728	611.7878	-2562.0410	0	0	0	1784008854318	0
888	-3560.1455	-1134.7754	-177.8397	-2693.2068	0	0	0	1784008854347	0
889	-3686.7634	-1079.9634	-716.6247	-2810.0112	0	0	0	1784008854390	0
890	-4105.3930	14.6006	16.2760	-3729.6077	0	0	0	1784008854500	0
891	-4166.9067	-218.2905	-119.4374	-3778.1965	0	0	0	1784008854613	0
892	-4094.6220	-449.7454	295.6017	-3730.3260	0	0	0	1784008854699	0
893	-4108.5044	-391.1038	189.3287	-3744.2083	0	0	0	1784008854733	0
894	-4083.3723	-323.1273	118.4800	-3745.8838	0	0	0	1784008854800	0
895	-4211.4270	-1325.7795	310.9203	-3872.5020	0	0	0	1784008854882	0
896	-4110.6587	-1002.4128	487.3239	-3788.7280	0	0	0	1784008854955	0
897	-4112.3340	-725.7201	217.5724	-3775.0850	0	0	0	1784008854984	0
898	-4083.3723	-469.3724	79.9441	-3764.5535	0	0	0	1784008855015	0
899	-4106.1110	-649.6056	-90.9544	-3794.4727	0	0	0	1784008855062	0
900	-4393.5747	-675.9346	-281.9585	-3897.1553	0	0	0	1784008855098	0
901	-4185.0977	-725.7201	-397.3270	-3880.1611	0	0	0	1784008855149	0
902	-4056.8042	-89.7576	-652.9566	-3748.0380	0	0	0	1784008855308	0
903	2697.0364	-1425.1113	-120.8736	1741.0581	0	0	0	1784008855486	0
904	2719.5356	-1207.7782	-301.8249	1781.2694	0	0	0	1784008855547	0
905	2739.4019	-918.8785	-325.2815	1781.0302	0	0	0	1784008855601	0
906	2739.1626	-1123.2864	-63.9074	1804.2474	0	0	0	1784008855617	0
907	2831.3137	-1134.5360	430.8365	1870.3090	0	0	0	1784008855679	0
908	2906.2314	-1210.1718	661.3340	1913.6320	0	0	0	1784008855742	0
909	2909.5823	-1317.1628	849.4659	1940.9183	0	0	0	1784008855869	0
910	2840.4092	-1371.2567	305.8939	1898.0740	0	0	0	1784008855980	0
911	2731.0247	-1340.3801	-437.0597	1788.4501	0	0	0	1784008856064	0
912	2672.6223	-1339.4227	-384.6412	1799.4603	0	0	0	1784008856148	0
913	2685.0686	-1374.8470	-294.6443	1813.8215	0	0	0	1784008856194	0
914	2665.9204	-1374.6077	-511.9774	1786.7747	0	0	0	1784008856254	0
915	2527.3347	-1413.6223	-419.1082	1778.1578	0	0	0	1784008856351	0
916	1113.2335	-2132.8800	-8099.9650	1011.5083	0	0	0	1784008856749	0
917	1247.0322	-1627.1257	-8234.9610	1020.1251	0	0	0	1784008856799	0
918	1433.4886	-1402.6120	-7629.8745	1155.8385	0	0	0	1784008856833	0
919	1580.2124	-1338.9440	-6901.5215	1281.7385	0	0	0	1784008856873	0
920	1647.9495	-1484.9497	-6195.6680	1331.2847	0	0	0	1784008856967	0
921	1677.1506	-1792.9978	-5216.2330	1399.2611	0	0	0	1784008857027	0
922	1967.7260	-1690.0758	-3980.6897	1614.4401	0	0	0	1784008857175	0
923	1936.6100	-1720.4736	-2913.6514	916.2455	0	0	0	1784008857353	0
924	-3860.7734	-873.6406	-2438.2952	-3089.5762	0	0	0	1784008857455	0
925	-3919.1758	-1035.2043	-2250.4026	-3103.2195	0	0	0	1784008857519	0
926	-3913.4314	-1157.0353	-2212.5847	-3074.7363	0	0	0	1784008857561	0
927	-3841.8645	-1228.8413	-1968.4440	-3040.7480	0	0	0	1784008857601	0
928	-3408.1558	-1397.1069	1159.6682	-2632.1714	0	0	0	1784008857865	0
929	-3614.7180	-1406.9204	494.2652	-2791.3416	0	0	0	1784008857968	0
930	-3851.9175	-1423.1965	-762.5806	-3053.6730	0	0	0	1784008858082	0
931	-3991.9392	69.6519	-2535.4727	-3176.2222	0	0	0	1784008858209	0
932	-3891.6501	1261.8722	-2804.5060	-3045.7744	0	0	0	1784008858235	0
933	-3790.8823	1957.4337	-3023.7540	-3318.1590	0	0	0	1784008858286	0
934	-3756.6548	1724.0640	-2827.9626	-3092.4485	0	0	0	1784008858361	0
935	-3962.9775	1180.7313	-2703.9775	-3156.5952	0	0	0	1784008858386	0
936	-3959.6265	178.3184	-2591.9602	-3150.3720	0	0	0	1784008858451	0
937	-3889.7354	-1088.3408	-2069.6907	-3630.2761	0	0	0	1784008858509	0
938	-3919.4150	-1239.1335	-1937.3280	-3658.9985	0	0	0	1784008858530	0
939	-3890.9321	-882.4967	-1800.4177	-3584.5596	0	0	0	1784008858572	0
940	-3849.5240	-782.9256	-1722.1492	-3622.1380	0	0	0	1784008858608	0
941	-4091.2710	-625.9097	-3000.7761	-3790.8823	0	0	0	1784008858691	0
942	-4008.2153	-750.6128	-2557.9720	-3718.5974	0	0	0	1784008858768	0
943	-4010.1301	-794.4146	-2416.9927	-3724.3420	0	0	0	1784008858816	0
944	-3869.1510	-831.7537	-1788.4501	-3603.4685	0	0	0	1784008858977	0
945	-4139.8600	-2624.5122	-1309.9822	-3875.6135	0	0	0	1784008859050	0
946	-4134.3545	-2621.4006	-1140.7593	-3859.8162	0	0	0	1784008859092	0
947	-4169.3003	-2184.3408	-1496.1993	-3879.4430	0	0	0	1784008859170	0
948	-4239.1914	-1763.7966	-2002.6715	-3902.6604	0	0	0	1784008859249	0
949	-5073.3390	-1285.5681	-1688.6396	-4454.6100	0	0	0	1784008859419	0
950	2489.2773	-1758.7703	-1987.1135	1496.1993	0	0	0	1784008859453	0
951	2620.4430	-1587.3931	-1776.9610	1772.1741	0	0	0	1784008859583	0
952	2609.1936	-1660.1565	-1784.8597	1611.0891	0	0	0	1784008859862	0
953	2569.2214	-1082.1176	-1111.7975	1341.3375	0	0	0	1784008859967	0
954	2130.0076	-1535.2140	-1691.9906	1260.4360	0	0	0	1784008860216	0
955	2553.4240	-1630.7161	-1438.7545	1397.8250	0	0	0	1784008860333	0
956	2923.2256	-1129.0309	-1118.9780	1100.7872	0	0	0	1784008860413	0
957	6694.0020	-2616.8528	-2310.9590	5330.8833	0	0	0	1784008861142	0
958	6661.9287	-2501.9631	-2257.3438	5388.5674	0	0	0	1784008861301	0
959	-4098.9300	-1815.2577	-2075.4350	-3031.1740	0	0	0	1784008861459	0
960	-4142.2534	-1791.0830	-2048.3882	-3007.9565	0	0	0	1784008861498	0
961	-4429.4775	-1753.9832	-2019.6656	-3048.8862	0	0	0	1784008861569	0
962	-4255.4680	-1763.0786	-2013.9211	-3041.2268	0	0	0	1784008861632	0
963	-3710.2202	-1789.1681	-1970.5981	-2742.7530	0	0	0	1784008861766	0
964	-2887.3225	-1800.6571	-1983.5233	-2330.8254	0	0	0	1784008861949	0
965	-2847.3503	-1613.4825	-1760.6850	-2302.1028	0	0	0	1784008862229	0
966	-2238.6740	-1680.7410	-1818.1299	-1760.6850	0	0	0	1784008862301	0
967	-2360.7446	-626.1490	-868.3749	-2231.7330	0	0	0	1784008862509	0
968	-2022.2986	-1206.8208	-1375.0864	-2066.8184	0	0	0	1784008862541	0
969	-2012.2457	-1892.5688	-2027.5643	-2150.5920	0	0	0	1784008862585	0
970	-1422.4784	-1579.9731	-1690.0758	-1663.0288	0	0	0	1784008862674	0
971	-1220.9427	-1457.9027	-1554.6016	-1326.0189	0	0	0	1784008862711	0
972	-1127.1161	-1365.5123	-1453.5944	-1239.3729	0	0	0	1784008862755	0
973	-1053.6345	-1352.8265	-1428.2229	-1180.0132	0	0	0	1784008862789	0
974	-995.4716	-1315.9661	-1400.4579	-1108.9252	0	0	0	1784008862836	0
975	-950.2338	-1377.4800	-1443.3022	-1065.6022	0	0	0	1784008862861	0
976	-1155.8385	-1336.7898	-1424.6326	-1239.6123	0	0	0	1784008862942	0
977	-1163.4978	-1189.8268	-1297.0571	-1232.6710	0	0	0	1784008863019	0
978	-1211.6079	-1227.6447	-1340.8589	-1303.0410	0	0	0	1784008863063	0
979	-1249.1864	-1153.2057	-1260.4360	-1324.8221	0	0	0	1784008863274	0
980	-1254.4521	-1164.4552	-1269.7709	-1301.6049	0	0	0	1784008863306	0
981	-1318.5990	-1202.2731	-1316.2054	-1382.0277	0	0	0	1784008863344	0
982	-328.6325	-1277.9088	-1434.4462	-374.8277	0	0	0	1784008863485	0
983	-318.5797	-1320.7532	-1481.1201	-382.0083	0	0	0	1784008863511	0
984	-324.3241	-1366.9484	-1510.5605	-401.3960	0	0	0	1784008863549	0
985	-351.3711	-1362.1614	-1502.1832	-434.4268	0	0	0	1784008863599	0
986	-332.4622	-1348.7576	-1483.9923	-427.9642	0	0	0	1784008863631	0
987	-286.7456	-1350.1936	-1483.9923	-399.7205	0	0	0	1784008863680	0
988	-200.0996	-1377.9586	-1514.8689	-353.2859	0	0	0	1784008863721	0
989	-164.6753	-1369.8207	-1500.5077	-379.8542	0	0	0	1784008863782	0
990	304.2184	-1390.6444	-1521.5708	39.9721	0	0	0	1784008864008	0
991	322.8880	-1339.9015	-1452.3976	95.2627	0	0	0	1784008864081	0
992	236.9601	-1381.3096	-1516.3050	-86.8854	0	0	0	1784008864131	0
993	236.7207	-1392.0806	-1523.2463	146.7237	0	0	0	1784008864151	0
994	304.6971	-1350.4330	-1483.9923	170.4197	0	0	0	1784008864192	0
995	325.7602	-1275.0366	-1401.4153	193.1584	0	0	0	1784008864256	0
996	-1263.0690	-1342.2949	-1472.9820	-964.1163	0	0	0	1784008864381	0
997	-1021.8005	-1286.7649	-1448.0892	-883.9329	0	0	0	1784008864407	0
998	-1091.4524	-1629.9980	-1818.1299	-1504.5767	0	0	0	1784008864720	0
999	-1273.1218	-1629.0405	-1831.0550	-1597.4459	0	0	0	1784008864790	0
1000	-1200.3583	-1589.5472	-1802.0933	-1583.3241	0	0	0	1784008864873	0
1001	-1126.6373	-1229.3201	-1433.2494	-1507.4490	0	0	0	1784008865129	0
1002	-1220.4640	-1079.4847	-1298.9719	-1452.8763	0	0	0	1784008865199	0
1003	-1854.5117	-1155.3599	-1391.3624	-1509.8425	0	0	0	1784008865363	0
1004	-896.1399	-1179.7739	-1375.5651	-1192.9384	0	0	0	1784008865447	0
1005	-541.8966	-1302.0836	-1461.0144	-745.1077	0	0	0	1784008865613	0
1006	-672.1049	-1224.2937	-1375.3258	-709.2047	0	0	0	1784008865673	0
1007	-786.2766	-1036.1617	-1214.0015	-764.0167	0	0	0	1784008865720	0
1008	-564.3958	-1073.2615	-1256.3671	-711.5983	0	0	0	1784008865946	0
1009	-1199.1615	-1077.8092	-1289.3978	-1266.4199	0	0	0	1784008866030	0
1010	-1736.9890	-1284.8501	-1518.2198	-1714.4899	0	0	0	1784008866277	0
1011	-1521.0922	-1041.6669	-1268.8135	-1499.7897	0	0	0	1784008866412	0
1012	-1716.4047	-1330.8060	-1562.7396	-1706.8304	0	0	0	1784008866437	0
1013	160.3669	-1619.9452	-1800.1783	-118.7194	0	0	0	1784008866606	0
1014	221.4021	-1566.5693	-1736.5104	-84.0131	0	0	0	1784008866660	0
1015	291.5327	-1446.1744	-1614.4401	-1.6755	0	0	0	1784008866694	0
1016	248.4490	-1465.0834	-1642.6837	-52.6578	0	0	0	1784008866730	0
1017	269.2728	-1494.0452	-1681.4590	-30.1586	0	0	0	1784008866800	0
1018	292.2507	-1470.1097	-1662.5500	-4.7871	0	0	0	1784008866846	0
1019	277.1715	-1475.8542	-1662.5500	-18.1909	0	0	0	1784008867012	0
1020	233.8485	-1470.5885	-1672.8423	-62.4713	0	0	0	1784008867138	0
1021	297.9952	-1358.8104	-1571.8351	-6.7019	0	0	0	1784008867315	0
1022	-394.4547	-1726.4575	-1829.8583	-396.1302	0	0	0	1784008867488	0
1023	-291.2933	-1590.9834	-1663.0288	-291.2933	0	0	0	1784008867526	0
1024	-296.7985	-1585.9569	-1663.7468	-290.3359	0	0	0	1784008867562	0
1025	-311.6384	-1653.4546	-1747.5206	-307.5694	0	0	0	1784008867767	0
1026	-389.6677	-1698.9319	-1787.7320	-370.2800	0	0	0	1784008867807	0
1027	-228.1040	-1556.2771	-1652.4972	-205.1260	0	0	0	1784008867919	0
1028	-248.4490	-1596.9672	-1694.8628	-236.9601	0	0	0	1784008867988	0
1029	-236.9601	-1592.4194	-1685.7673	-232.6517	0	0	0	1784008868014	0
1030	-287.7030	-1703.2402	-1785.8171	-274.0599	0	0	0	1784008868093	0
1031	-241.7471	-1742.4941	-1839.4324	-277.4108	0	0	0	1784008868443	0
1032	-1919.1371	-1488.7794	-1587.6324	-1769.7805	0	0	0	1784008868545	0
1033	-1686.0067	-1210.8899	-1313.5725	-1563.9364	0	0	0	1784008868657	0
1034	-2178.1177	-1528.9907	-1608.4562	-1898.0740	0	0	0	1784008868956	0
1035	-2263.5670	-1659.9172	-1739.3826	-1941.3970	0	0	0	1784008869024	0
1036	-2131.6830	-1806.6410	-1870.0697	-1805.2048	0	0	0	1784008869275	0
1037	-1687.9215	-1254.9309	-1319.3170	-1373.8896	0	0	0	1784008869347	0
1038	-1623.5354	-1203.7092	-1264.2657	-1332.9602	0	0	0	1784008869406	0
1039	-1375.0864	-953.5847	-1152.9663	-1400.2185	0	0	0	1784008869674	0
1040	-1363.1188	-955.7389	-1148.4186	-1408.8353	0	0	0	1784008869715	0
1041	-1390.4050	-976.3233	-1152.2482	-1440.6693	0	0	0	1784008869736	0
1042	-1423.1965	-974.8872	-1149.6154	-1457.1847	0	0	0	1784008869778	0
1043	-1373.6503	-939.2235	-1117.7812	-1430.8558	0	0	0	1784008869831	0
1044	-1396.1495	-981.5891	-1159.9076	-1416.9733	0	0	0	1784008869951	0
1045	-1363.3580	-937.0693	-1112.0369	-1329.8486	0	0	0	1784008870105	0
1046	-1436.3610	-1020.1251	-1203.4698	-1440.6693	0	0	0	1784008870218	0
1047	-125.4213	-1765.7114	-1892.8082	-216.3757	0	0	0	1784008870311	0
1048	-1570.3989	-1521.5708	-1566.0906	-1324.1041	0	0	0	1784008870471	0
1049	-1539.2830	-1536.1714	-1573.5105	-1299.4507	0	0	0	1784008870549	0
1050	-1457.4241	-1483.2743	-1526.8365	-1223.5756	0	0	0	1784008870742	0
1051	-1412.4255	-1525.8792	-1571.1171	-1133.3392	0	0	0	1784008871110	0
1052	-1373.4109	-1553.6442	-1593.3770	-1105.8136	0	0	0	1784008871149	0
1053	-1405.9630	-1612.7645	-1646.7528	-1128.3129	0	0	0	1784008871276	0
1054	-1333.9176	-1588.3505	-1631.1948	-1084.5111	0	0	0	1784008871372	0
1055	-1328.6519	-1598.4033	-1630.9554	-1077.5700	0	0	0	1784008871390	0
1056	-1339.9015	-1541.1978	-1587.6324	-1076.3732	0	0	0	1784008871442	0
1057	-1774.0889	-1045.9752	-1206.5815	-1708.0272	0	0	0	1784008871493	0
1058	-1781.0302	-1040.9489	-1200.8370	-1718.0801	0	0	0	1784008871522	0
1059	-1791.0830	-1046.4540	-1208.2570	-1724.3033	0	0	0	1784008871575	0
1060	-1771.6953	-1061.5332	-1228.3627	-1714.2505	0	0	0	1784008871639	0
1061	-1793.2372	-1040.9489	-1198.9221	-1718.7982	0	0	0	1784008871682	0
1062	-1790.3649	-1038.5553	-1193.4170	-1724.5427	0	0	0	1784008871725	0
1063	-1784.1417	-1031.6140	-1190.3054	-1714.9685	0	0	0	1784008871761	0
1064	-1773.1315	-996.6684	-1155.3599	-1718.3195	0	0	0	1784008871914	0
1065	-1768.3444	-976.0840	-1131.1850	-1710.6602	0	0	0	1784008872122	0
1066	-1766.6690	-959.0898	-1126.1587	-1692.4692	0	0	0	1784008872207	0
1067	-1762.1212	-958.8505	-1122.3290	-1690.3151	0	0	0	1784008872236	0
1068	-1771.4559	-955.9783	-1117.5420	-1698.6925	0	0	0	1784008872273	0
1069	-1764.9934	-944.4893	-1098.6330	-1684.5706	0	0	0	1784008872418	0
1070	-659.1798	-1217.5918	-1466.5195	-832.7112	0	0	0	1784008872499	0
1071	-656.5469	-1194.1351	-1433.4886	-830.0783	0	0	0	1784008872559	0
1072	-658.7011	-1193.4170	-1430.3771	-828.8815	0	0	0	1784008872641	0
1073	-669.4720	-1202.9912	-1438.5151	-841.0886	0	0	0	1784008872682	0
1074	-677.8494	-1193.6564	-1428.4623	-834.6260	0	0	0	1784008872796	0
1075	-739.3633	-1159.6682	-1385.8573	-853.0562	0	0	0	1784008873030	0
1076	-748.9374	-1117.7812	-1344.9279	-843.9607	0	0	0	1784008873215	0
1077	-792.4998	-1174.9868	-1398.7825	-889.9167	0	0	0	1784008873246	0
1078	-741.0388	-1144.5889	-1369.8207	-848.0298	0	0	0	1784008873403	0
1079	234.3272	-1743.2123	-1900.7069	55.5300	0	0	0	1784008873486	0
1080	223.3169	-1751.5896	-1904.2972	38.5359	0	0	0	1784008873681	0
1081	229.7794	-1737.4678	-1889.4573	48.3494	0	0	0	1784008873726	0
1082	252.5180	-1642.9231	-1796.3488	80.6622	0	0	0	1784008873889	0
1083	253.4755	-1624.9716	-1792.9978	79.2260	0	0	0	1784008873932	0
1084	214.4608	-1654.1727	-1818.6086	43.5624	0	0	0	1784008873968	0
1085	204.6473	-1722.1492	-1885.3883	32.5521	0	0	0	1784008874132	0
1086	204.6473	-1740.5793	-1901.6643	31.8340	0	0	0	1784008874177	0
1087	275.9747	-1688.6396	-1856.6659	95.5021	0	0	0	1784008874466	0
1088	-712.3163	-1644.5985	-1724.3033	-679.2855	0	0	0	1784008874507	0
1089	-768.0857	-1689.5970	-1770.0199	-734.8156	0	0	0	1784008874547	0
1090	-700.3486	-1653.9333	-1727.6543	-689.5777	0	0	0	1784008874702	0
1091	-689.3384	-1673.7997	-1745.3665	-684.7907	0	0	0	1784008874741	0
1092	-676.1739	-1603.4297	-1678.1080	-648.6482	0	0	0	1784008874779	0
1093	-689.3384	-1587.8717	-1664.7042	-657.2649	0	0	0	1784008874820	0
1094	-676.4133	-1601.5149	-1675.9539	-646.2547	0	0	0	1784008874861	0
1095	-756.5967	-1736.5104	-1803.5293	-742.4748	0	0	0	1784008874966	0
1096	-692.6893	-1681.4590	-1758.5309	-696.9977	0	0	0	1784008875042	0
1097	-688.6203	-1684.3313	-1751.3502	-692.4499	0	0	0	1784008875092	0
1098	-697.2370	-1718.3195	-1803.0507	-714.2311	0	0	0	1784008875167	0
1099	-680.7216	-1703.7189	-1777.9186	-683.8333	0	0	0	1784008875261	0
1100	-668.9933	-1700.8467	-1776.7218	-683.1152	0	0	0	1784008875312	0
1101	-697.4764	-1702.2828	-1782.2269	-699.1519	0	0	0	1784008875400	0
1102	-663.2488	-1659.6779	-1743.6909	-673.3017	0	0	0	1784008875418	0
1103	-666.5998	-1638.1360	-1721.4310	-661.3340	0	0	0	1784008875470	0
1104	-1857.6233	-1086.9047	-1209.9324	-1772.6527	0	0	0	1784008875626	0
1105	-1817.6512	-1116.3452	-1236.0220	-1728.3723	0	0	0	1784008875665	0
1106	-1809.0345	-1118.4994	-1239.3729	-1723.8246	0	0	0	1784008875695	0
1107	-1835.1240	-1160.6256	-1286.7649	-1716.6440	0	0	0	1784008875799	0
1108	-1801.3751	-1215.4376	-1319.5564	-1671.6455	0	0	0	1784008875854	0
1109	-1778.1578	-1158.4714	-1283.4140	-1653.2153	0	0	0	1784008876119	0
1110	-1743.2123	-1162.5404	-1283.6533	-1612.5251	0	0	0	1784008876144	0
1111	-1780.5514	-1102.9414	-1203.4698	-1594.8130	0	0	0	1784008876292	0
1112	-1869.1122	-1245.1174	-1345.8853	-1701.0860	0	0	0	1784008876331	0
1113	-1822.6776	-1201.3157	-1288.6798	-1642.2051	0	0	0	1784008876409	0
1114	-844.4395	-1153.4450	-1352.5872	-992.8388	0	0	0	1784008876619	0
1115	-853.2956	-1142.9135	-1348.0394	-1000.0194	0	0	0	1784008876675	0
1116	-864.5452	-1173.5507	-1372.6929	-1012.4657	0	0	0	1784008876700	0
1117	-843.4821	-1173.7900	-1368.8633	-996.9077	0	0	0	1784008876746	0
1118	-852.5775	-1152.0089	-1347.5608	-1005.2851	0	0	0	1784008876857	0
1119	-837.0195	-1154.1631	-1359.2891	-999.5407	0	0	0	1784008876909	0
1120	-877.9490	-1161.5830	-1365.0336	-1031.6140	0	0	0	1784008876976	0
1121	-1006.0032	-1281.7385	-1461.4930	-1152.7269	0	0	0	1784008877225	0
1122	-1018.4496	-1254.2129	-1439.2332	-1149.1366	0	0	0	1784008877277	0
1123	-998.8226	-1071.8254	-1259.2393	-1073.0222	0	0	0	1784008877381	0
1124	214.2215	-1454.3125	-1686.0067	-85.4492	0	0	0	1784008877535	0
1125	305.8939	-1333.6782	-1571.8351	-12.2070	0	0	0	1784008877615	0
1126	153.4257	-1414.1011	-1662.0714	-166.3508	0	0	0	1784008877676	0
1127	199.1422	-1362.8794	-1610.6104	-111.2994	0	0	0	1784008877703	0
1128	141.4580	-1478.7266	-1719.2769	-157.2553	0	0	0	1784008877939	0
1129	236.4813	-1249.9045	-1492.1304	-9.0954	0	0	0	1784008878157	0
1130	-190.7648	-1811.1887	-2032.1120	-422.9378	0	0	0	1784008878288	0
1131	-678.0888	-1661.1140	-1781.2694	-658.7011	0	0	0	1784008878755	0
1132	-626.8671	-1620.9026	-1746.3239	-596.2298	0	0	0	1784008878948	0
1133	-602.9317	-1598.8821	-1730.2871	-574.9274	0	0	0	1784008879041	0
1134	-605.8040	-1604.3872	-1740.5793	-571.3370	0	0	0	1784008879072	0
1135	-561.7629	-1593.3770	-1734.8348	-544.7688	0	0	0	1784008879277	0
1136	-528.7321	-1595.2917	-1732.6807	-516.7644	0	0	0	1784008879393	0
1137	-533.7585	-1597.4459	-1747.0419	-518.4399	0	0	0	1784008879443	0
1138	-1613.9613	-1348.7576	-1436.6003	-1438.5151	0	0	0	1784008879641	0
1139	-1605.1052	-1338.9440	-1417.9307	-1423.4358	0	0	0	1784008879693	0
1140	-1626.6471	-1318.8384	-1395.9102	-1442.5841	0	0	0	1784008879724	0
1141	-1594.3344	-1366.9484	-1447.1318	-1414.5797	0	0	0	1784008879875	0
1142	-1620.9026	-1358.3317	-1445.4564	-1432.2919	0	0	0	1784008879941	0
1143	-1628.3225	-1361.9220	-1432.0526	-1432.0526	0	0	0	1784008879962	0
1144	-1612.5251	-1350.4330	-1432.0526	-1421.9998	0	0	0	1784008880005	0
1145	-1604.6265	-1355.4595	-1436.8396	-1419.1274	0	0	0	1784008880036	0
1146	-1618.9877	-1373.1716	-1453.5944	-1416.7339	0	0	0	1784008880069	0
1147	-1608.9349	-1375.5651	-1455.2699	-1405.9630	0	0	0	1784008880129	0
1148	-1608.9349	-1377.0012	-1454.7911	-1409.3140	0	0	0	1784008880181	0
1149	-1592.6588	-1373.8896	-1457.1847	-1377.4800	0	0	0	1784008880210	0
1150	-1597.2065	-1386.3360	-1471.3065	-1393.7560	0	0	0	1784008880260	0
1151	-1593.8556	-1391.1230	-1473.4607	-1395.6708	0	0	0	1784008880295	0
1152	-1576.3828	-1391.3624	-1479.2052	-1369.3419	0	0	0	1784008880428	0
1153	-1551.0114	-1381.7883	-1465.8014	-1334.8750	0	0	0	1784008880481	0
1154	-1265.7018	-1153.2057	-1312.1365	-1306.3920	0	0	0	1784008880531	0
1155	-1276.4728	-1161.8224	-1310.7003	-1312.1365	0	0	0	1784008880676	0
1156	-1284.3715	-1158.4714	-1307.5887	-1312.1365	0	0	0	1784008880735	0
1157	-1279.5844	-1146.9824	-1300.4081	-1312.3757	0	0	0	1784008880782	0
1158	-1283.6533	-1127.1161	-1284.8501	-1313.8119	0	0	0	1784008880831	0
1159	-1375.3258	-1181.9281	-1317.6416	-1387.0541	0	0	0	1784008881129	0
1160	-1376.5226	-1165.6520	-1301.6049	-1385.3787	0	0	0	1784008881163	0
1161	-1380.1128	-1153.4450	-1283.1747	-1384.8999	0	0	0	1784008881199	0
1162	-1416.0159	-1154.4023	-1291.5520	-1406.9204	0	0	0	1784008881295	0
1163	-1429.6590	-1143.3921	-1289.8766	-1428.4623	0	0	0	1784008881446	0
1164	-319.5371	-1287.4830	-1503.1406	-538.5456	0	0	0	1784008881536	0
1165	-341.5576	-1305.6738	-1521.5708	-545.4869	0	0	0	1784008881607	0
1166	-400.6779	-1282.4565	-1508.4064	-593.5969	0	0	0	1784008881823	0
1167	-427.9642	-1248.2290	-1456.7059	-615.6174	0	0	0	1784008881938	0
1168	-389.1889	-1147.4612	-1373.6503	-571.8157	0	0	0	1784008881995	0
1169	-434.9055	-1270.4889	-1492.1304	-623.5161	0	0	0	1784008882046	0
1170	-473.2021	-1324.1041	-1544.0701	-655.1108	0	0	0	1784008882127	0
1171	-494.5045	-1312.8545	-1521.3314	-678.5674	0	0	0	1784008882255	0
1172	-479.6646	-1316.9235	-1521.3314	-661.3340	0	0	0	1784008882296	0
1173	-478.7072	-1292.5094	-1498.8323	-657.2649	0	0	0	1784008882330	0
1174	-518.9186	-1320.2744	-1527.5547	-701.3060	0	0	0	1784008882366	0
1175	-506.9509	-1293.7062	-1502.4225	-675.6952	0	0	0	1784008882409	0
1176	22.7386	-1571.1171	-1764.7540	-161.0850	0	0	0	1784008882583	0
1177	22.0205	-1574.9467	-1774.5676	-165.1540	0	0	0	1784008882600	0
1178	36.1424	-1568.4841	-1764.2754	-145.5270	0	0	0	1784008882678	0
1179	27.7650	-1571.1171	-1762.1212	-150.5534	0	0	0	1784008882731	0
1180	50.7430	-1558.1919	-1758.0521	-133.0806	0	0	0	1784008882771	0
1181	46.9133	-1557.9525	-1758.0521	-141.6973	0	0	0	1784008882830	0
1182	66.3010	-1540.7191	-1744.1697	-134.5167	0	0	0	1784008882849	0
1183	57.6842	-1564.1758	-1768.3444	-142.6547	0	0	0	1784008882934	0
1184	121.8310	-1495.4813	-1710.6602	-92.3905	0	0	0	1784008883088	0
1185	95.2627	-1544.5487	-1750.6322	-106.5123	0	0	0	1784008883213	0
1186	101.7253	-1548.8572	-1755.1799	-112.9749	0	0	0	1784008883267	0
1187	99.0924	-1540.2404	-1749.9142	-109.3846	0	0	0	1784008883299	0
1188	101.2466	-1564.6544	-1767.3870	-115.3684	0	0	0	1784008883342	0
1189	110.8207	-1553.1655	-1762.5999	-106.9911	0	0	0	1784008883374	0
1190	100.2892	-1568.2448	-1767.8657	-107.9485	0	0	0	1784008883444	0
1191	-950.7125	-1547.4210	-1642.4443	-854.2530	0	0	0	1784008883666	0
1192	-932.0429	-1521.0922	-1630.2373	-834.6260	0	0	0	1784008883747	0
1193	-913.6127	-1507.2096	-1613.9613	-819.7861	0	0	0	1784008883828	0
1194	-888.7199	-1526.8365	-1636.9392	-797.7656	0	0	0	1784008883934	0
1195	-882.2574	-1532.1024	-1641.2476	-798.4836	0	0	0	1784008884012	0
1196	-878.9064	-1528.2727	-1640.5295	-795.3720	0	0	0	1784008884093	0
1197	-874.8374	-1534.7352	-1644.8379	-790.5850	0	0	0	1784008884133	0
1198	-866.4600	-1532.3417	-1642.6837	-786.0372	0	0	0	1784008884260	0
1199	-785.3192	-1385.8573	-1504.0980	-728.5924	0	0	0	1784008884380	0
1200	-1815.7363	-1273.3611	-1365.9910	-1705.8730	0	0	0	1784008884672	0
1201	-1807.1196	-1262.8296	-1353.3053	-1692.9480	0	0	0	1784008884713	0
1202	-1815.7363	-1282.4565	-1379.3948	-1697.9744	0	0	0	1784008884783	0
1203	-1813.1035	-1266.4199	-1359.5284	-1699.1711	0	0	0	1784008884829	0
1204	-1806.6410	-1285.3289	-1379.8735	-1705.8730	0	0	0	1784008884859	0
1205	-1811.9067	-1281.2598	-1368.6239	-1700.6073	0	0	0	1784008884922	0
1206	-1796.3488	-1280.3024	-1373.8896	-1680.9803	0	0	0	1784008885041	0
1207	-1790.3649	-1275.0366	-1365.0336	-1671.1669	0	0	0	1784008885073	0
1208	-1760.9244	-1265.4625	-1356.4169	-1629.7587	0	0	0	1784008885146	0
1209	-1756.6161	-1205.6240	-1304.2378	-1667.3372	0	0	0	1784008885336	0
1210	-1734.3562	-1165.4127	-1260.1967	-1645.7953	0	0	0	1784008885386	0
1211	-944.7286	-1155.1205	-1330.8060	-1049.0868	0	0	0	1784008885629	0
1212	-1110.6007	-1299.4507	-1460.5356	-1208.2570	0	0	0	1784008885892	0
1213	-1110.1220	-1274.3186	-1439.4725	-1216.3950	0	0	0	1784008885985	0
1214	-1169.7211	-1233.3890	-1388.4902	-1237.6975	0	0	0	1784008886349	0
1215	30.1586	-1356.6561	-1557.4739	-153.9044	0	0	0	1784008886566	0
1216	19.8663	-1338.7047	-1531.1450	-153.6650	0	0	0	1784008886593	0
1217	103.8795	-1248.7078	-1468.9131	-95.7414	0	0	0	1784008886670	0
1218	82.0983	-1276.7120	-1522.5282	-186.2171	0	0	0	1784008886834	0
1219	33.9882	-1323.8647	-1613.9613	-266.8793	0	0	0	1784008886968	0
1220	-50.5036	-1272.6431	-1562.7396	-359.5091	0	0	0	1784008886996	0
1221	-1044.5391	-1380.8309	-1576.3828	-1158.2320	0	0	0	1784008887285	0
1222	-5994.6110	-464.3460	-717.1034	-4465.8594	0	0	0	1784008887466	0
1223	-6752.6436	-1594.5736	-1843.5015	-5238.9717	0	0	0	1784008887485	0
1224	-3454.8298	-286.9850	-646.2547	-3342.8123	0	0	0	1784008888172	0
1225	-3542.1938	-751.8096	-1091.2130	-3482.8342	0	0	0	1784008888226	0
1226	-3616.6328	-820.5041	-1172.1146	-3548.4170	0	0	0	1784008888249	0
1227	-3668.0940	-1031.8534	-1374.3684	-3632.6694	0	0	0	1784008888280	0
1228	-3600.5962	-1022.0399	-1371.4961	-3555.1190	0	0	0	1784008888301	0
1229	-3752.3464	-1077.3306	-1418.4094	-3691.5505	0	0	0	1784008888318	0
1230	-4631.0130	-760.4264	-1108.2072	-4361.7407	0	0	0	1784008888372	0
1231	-4450.7803	-583.5441	-932.7610	-4265.7600	0	0	0	1784008888388	0
1232	-4370.1180	-627.8245	-967.4672	-4159.2476	0	0	0	1784008888431	0
1233	-2742.5134	-640.2709	-894.7037	-2651.3198	0	0	0	1784008888495	0
1234	-4711.4360	-451.4209	-797.5262	-4288.7380	0	0	0	1784008889361	0
1235	-4015.6353	-611.3091	-924.6229	-3703.5183	0	0	0	1784008889390	0
1236	-3602.0322	-796.0901	-1065.8416	-3255.9270	0	0	0	1784008889448	0
1237	-5537.6850	-644.8186	-996.4290	-4873.9575	0	0	0	1784008889481	0
1238	1272.1644	-1167.3275	-1360.7252	860.4762	0	0	0	1784008889539	0
1239	894.2250	-1331.5240	-1505.2948	488.2813	0	0	0	1784008889561	0
1240	500.4884	-1460.0569	-1782.9450	-264.4857	0	0	0	1784008889814	0
1241	564.6351	-1287.4830	-1504.5767	-30.6373	0	0	0	1784008889851	0
1242	317.1435	-1289.8766	-1442.3447	-1.1968	0	0	0	1784008889947	0
1243	157.7340	-1323.8647	-1482.7955	-164.6753	0	0	0	1784008889977	0
1244	-762.5806	-1801.3751	-1960.0667	-845.3969	0	0	0	1784008890320	0
1245	-679.2855	-1692.2300	-1841.3472	-784.1224	0	0	0	1784008890347	0
1246	-1364.3156	-830.5570	-859.5187	-1420.3242	0	0	0	1784008890482	0
1247	-1393.9954	-825.7699	-845.6362	-1457.6635	0	0	0	1784008890505	0
1248	-1324.5828	-748.9374	-785.0798	-1392.5592	0	0	0	1784008890531	0
1249	-1334.1570	-773.1121	-810.4513	-1413.6223	0	0	0	1784008890570	0
1250	-1355.9381	-774.7876	-807.8184	-1431.8132	0	0	0	1784008890605	0
1251	-1488.5400	-898.7728	-933.9578	-1593.3770	0	0	0	1784008890704	0
1252	-1636.4606	-979.1956	-1020.1251	-1731.4839	0	0	0	1784008890782	0
1253	-1698.9319	-993.3174	-1028.2631	-1769.3018	0	0	0	1784008890853	0
1254	-80.4228	-1302.5623	-1520.3740	-278.6076	0	0	0	1784008890880	0
1255	-621.1226	-1372.4535	-1555.7983	-732.1827	0	0	0	1784008890905	0
1256	-669.4720	-1459.0995	-1638.1360	-777.8992	0	0	0	1784008890930	0
1257	-934.1971	-1612.2859	-1778.3972	-975.6053	0	0	0	1784008891053	0
1258	-792.0211	-1066.7990	-1217.8310	-837.2589	0	0	0	1784008891170	0
1259	-1237.9368	-1583.0847	-1720.9524	-1300.8868	0	0	0	1784008891260	0
1260	-1111.7975	-1440.6693	-1591.7014	-1171.1571	0	0	0	1784008891375	0
1261	-1158.9501	-1451.2008	-1602.9510	-1179.7739	0	0	0	1784008891422	0
1262	-1207.2996	-1444.9777	-1599.3607	-1134.2968	0	0	0	1784008891458	0
1263	-956.4570	-1209.2144	-1374.8470	-986.6155	0	0	0	1784008891625	0
1264	-1061.5332	-1158.4714	-1323.8647	-1088.1014	0	0	0	1784008891681	0
1265	-982.0678	-1154.6417	-1330.8060	-1112.9943	0	0	0	1784008891759	0
1266	-792.9784	-1464.1260	-1650.5824	-941.3777	0	0	0	1784008891856	0
1267	-867.1781	-1528.9907	-1702.0435	-995.7109	0	0	0	1784008891955	0
1268	-806.3823	-1447.1318	-1622.3386	-935.3939	0	0	0	1784008891983	0
1269	-1064.8842	-1222.6182	-1397.8250	-869.5716	0	0	0	1784008892161	0
1270	-466.5002	-1292.0308	-1447.6106	-866.4600	0	0	0	1784008892181	0
1271	-688.3809	-1253.7341	-1386.8147	-849.4659	0	0	0	1784008892360	0
1272	-628.0638	-1153.9237	-1297.7751	-726.4382	0	0	0	1784008892387	0
1273	-821.2222	-1339.4227	-1313.5725	-935.8726	0	0	0	1784008892509	0
1274	-935.1545	-1361.4432	-1382.9851	-930.3674	0	0	0	1784008892675	0
1275	-932.0429	-1358.3317	-1397.5857	-934.9152	0	0	0	1784008892706	0
1276	-961.7228	-1405.4844	-1440.1906	-933.4790	0	0	0	1784008892785	0
1277	-876.7522	-1337.5079	-1348.7576	-832.4718	0	0	0	1784008892847	0
1278	-821.4615	-1306.8706	-1319.7958	-789.8669	0	0	0	1784008892899	0
1279	-831.0357	-1373.8896	-1393.2773	-811.8874	0	0	0	1784008892948	0
1280	-830.7963	-1351.8691	-1395.9102	-807.1003	0	0	0	1784008892993	0
1281	-741.2781	-1421.5210	-1500.7471	-717.5821	0	0	0	1784008893149	0
1282	-821.4615	-1523.4856	-1732.4413	-838.9344	0	0	0	1784008893452	0
1283	-805.1855	-1451.2008	-1660.3959	-827.9241	0	0	0	1784008893534	0
1284	-781.7288	-1425.1113	-1652.7366	-816.4351	0	0	0	1784008893573	0
1285	-896.6186	-1350.9117	-1570.3989	-916.2455	0	0	0	1784008893649	0
1286	-874.5980	-1388.4902	-1601.5149	-894.4644	0	0	0	1784008893792	0
1287	-799.4410	-1364.3156	-1585.7175	-822.6583	0	0	0	1784008893831	0
1288	-709.6834	-1338.2260	-1552.4474	-723.5659	0	0	0	1784008893924	0
1289	-748.6981	-1394.2347	-1598.4033	-783.4043	0	0	0	1784008893949	0
1290	-729.7891	-1416.7339	-1636.4606	-782.9256	0	0	0	1784008894143	0
1291	-708.7260	-1360.2465	-1590.9834	-753.0064	0	0	0	1784008894167	0
1292	-696.0403	-1330.5667	-1567.7661	-732.1827	0	0	0	1784008894215	0
1293	-719.7363	-1360.9646	-1596.0098	-750.6128	0	0	0	1784008894269	0
1294	-759.2296	-1421.2816	-1652.0186	-796.5688	0	0	0	1784008894291	0
1295	-714.7098	-1356.1775	-1580.9305	-739.8420	0	0	0	1784008894491	0
1296	-679.0461	-1338.9440	-1556.7557	-710.4015	0	0	0	1784008894526	0
1297	-656.7862	-1304.9558	-1520.3740	-683.5939	0	0	0	1784008894552	0
1298	-815.7170	-1349.7150	-1537.1288	-843.4821	0	0	0	1784008894653	0
1299	-824.0944	-1350.4330	-1505.0554	-859.2794	0	0	0	1784008894716	0
1300	-806.6216	-1389.4476	-1557.7133	-853.5349	0	0	0	1784008894762	0
1301	-854.4924	-1465.0834	-1640.2902	-906.9108	0	0	0	1784008894811	0
1302	-846.3543	-1441.8661	-1610.1316	-867.1781	0	0	0	1784008894852	0
1303	-799.9197	-1401.1759	-1569.9203	-825.5306	0	0	0	1784008894900	0
1304	-807.1003	-1376.2832	-1555.0803	-813.3235	0	0	0	1784008894925	0
1305	-763.7773	-1326.9763	-1504.3374	-790.1062	0	0	0	1784008895022	0
1306	-802.3132	-1374.3684	-1539.2830	-820.9828	0	0	0	1784008895047	0
1307	-835.8228	-1293.2275	-1467.4769	-834.1473	0	0	0	1784008895133	0
1308	-908.3469	-1467.9556	-1621.1420	-951.1912	0	0	0	1784008895235	0
1309	-904.9960	-1519.6560	-1682.6558	-940.6596	0	0	0	1784008895319	0
1310	-927.4952	-1408.8353	-1594.3344	-924.3836	0	0	0	1784008895357	0
1311	-877.7097	-1398.0643	-1583.8027	-955.7389	0	0	0	1784008895451	0
1312	-889.4380	-1401.4153	-1568.2448	-951.9092	0	0	0	1784008895497	0
1313	-843.7214	-1389.9264	-1569.2021	-943.7712	0	0	0	1784008895527	0
1314	-569.1829	-1260.1967	-1484.9497	-711.8376	0	0	0	1784008895610	0
1315	-556.9758	-1181.9281	-1423.6752	-774.0695	0	0	0	1784008895702	0
1316	-690.7745	-1333.1996	-1558.4313	-772.8727	0	0	0	1784008895733	0
1317	-709.2047	-1188.6300	-1384.1819	-709.2047	0	0	0	1784008895820	0
1318	-798.0049	-1405.0056	-1581.6486	-906.1928	0	0	0	1784008895946	0
1319	-777.4205	-1325.5402	-1508.1670	-859.7581	0	0	0	1784008895998	0
1320	-730.2678	-1249.6652	-1417.2126	-810.2119	0	0	0	1784008896040	0
1321	-922.4688	-1388.4902	-1561.0642	-975.8446	0	0	0	1784008896183	0
1322	-797.7656	-1361.2039	-1525.4005	-884.4116	0	0	0	1784008896256	0
1323	-693.4073	-1282.9353	-1438.0364	-753.2458	0	0	0	1784008896307	0
1324	-755.4000	-1262.8296	-1445.6957	-834.8654	0	0	0	1784008896362	0
1325	-843.7214	-1264.7444	-1393.5166	-863.5878	0	0	0	1784008896521	0
1326	-821.4615	-1286.0469	-1459.0995	-897.0973	0	0	0	1784008896542	0
1327	-899.2515	-1516.7837	-1721.9098	-909.0649	0	0	0	1784008896651	0
1328	-829.3602	-1435.8822	-1629.7587	-853.5349	0	0	0	1784008896673	0
1329	-781.7288	-1350.1936	-1545.2668	-788.1914	0	0	0	1784008896744	0
1330	-837.9769	-1290.1158	-1483.0349	-829.3602	0	0	0	1784008896796	0
1331	-360.4665	-819.5467	-1012.9444	-332.4622	0	0	0	1784008896912	0
1332	-1228.6020	-1437.5577	-1641.9657	-879.3851	0	0	0	1784008896955	0
1333	-983.7433	-1580.2124	-1748.4780	-985.4188	0	0	0	1784008897176	0
1334	-989.7271	-1553.4048	-1717.1227	-977.9988	0	0	0	1784008897228	0
1335	-894.9431	-1426.3081	-1614.2007	-884.1722	0	0	0	1784008897251	0
1336	-820.0254	-1376.5226	-1560.1067	-891.5922	0	0	0	1784008897560	0
1337	-823.8551	-1328.4125	-1498.3535	-800.1591	0	0	0	1784008897797	0
1338	-867.1781	-1292.7488	-1474.4182	-823.1370	0	0	0	1784008898244	0
1339	-875.7948	-1373.1716	-1559.6280	-787.7127	0	0	0	1784008898284	0
1340	-736.4910	-1689.1183	-1845.6556	-883.6935	0	0	0	1784008898408	0
1341	-807.5790	-1354.7413	-1526.1185	-882.7361	0	0	0	1784008898542	0
1342	-995.4716	-1228.3627	-1397.3463	-845.8756	0	0	0	1784008898573	0
1343	-786.9946	-1332.7208	-1504.3374	-864.3058	0	0	0	1784008898685	0
1344	-740.7994	-1435.4036	-1590.7440	-807.3397	0	0	0	1784008898959	0
1345	-813.3235	-1398.5431	-1559.8674	-698.6732	0	0	0	1784008899494	0
1346	-583.0654	-1455.0305	-1610.6104	-835.1047	0	0	0	1784008899788	0
1347	-628.7819	-1509.1244	-1666.8584	-835.1047	0	0	0	1784008899810	0
